sent_to,no. PFDs,no. recipients,no. replies,no. complete responses,no. partial responses,no. overdue responses,no. pending responses
Department of Health and Social Care,735,1744,1202,414,181,130,10
NHS England,511,1375,864,248,138,114,11
Care Quality Commission,168,485,290,63,62,43,0
HM Prison and Probation Service,156,359,185,65,48,41,2
Department for Transport,109,284,172,47,30,27,5
Ministry of Justice,108,289,139,25,48,33,2
Home Office,102,337,242,40,43,19,0
National Institute for Health and Care Excellence,101,279,173,46,23,29,3
NHS Greater Manchester Integrated Care Board,97,238,159,62,19,16,0
REDACTED,76,252,78,14,34,24,4
Betsi Cadwaladr University Health Board,75,100,65,54,3,18,0
Barts Health NHS Trust,66,103,66,35,13,18,0
Metropolitan Police Service,63,153,114,34,17,12,0
National Highways,63,101,57,29,8,25,1
University Hospitals Sussex NHS Foundation Trust,61,104,65,31,13,16,1
Medicines and Healthcare Products Regulatory Agency,61,178,100,25,17,17,2
Health and Safety Executive,58,175,79,20,19,18,1
National Police Chiefs’ Council,57,204,144,15,31,9,2
Pennine Care NHS Foundation Trust,48,116,62,24,12,12,0
Department for Education,47,141,88,20,18,9,0
Welsh Ambulance Services University NHS Trust,47,94,57,29,7,11,0
Sussex Partnership NHS Foundation Trust,46,76,47,27,7,10,2
Greater Manchester Mental Health NHS Foundation Trust,45,132,59,18,13,14,0
Northern Care Alliance NHS Foundation Trust,41,80,40,21,9,11,0
College of Policing,41,148,134,14,19,6,2
Network Rail,41,61,42,26,5,10,0
Manchester University NHS Foundation Trust,40,76,32,16,7,17,0
Norfolk and Suffolk NHS Foundation Trust,38,60,47,27,4,7,0
Cwm Taf Morgannwg University Health Board,38,79,29,16,5,16,1
East London NHS Foundation Trust,38,61,38,22,4,12,0
"Ministry of Housing, Communities and Local Government",38,98,56,22,9,6,1
General Medical Council,35,130,72,8,17,9,1
Ministry of Defence,34,56,39,23,5,5,1
Stockport NHS Foundation Trust,34,50,27,19,2,13,0
North London NHS Foundation Trust,34,57,38,20,6,8,0
Greater Manchester Police,34,109,81,19,11,4,0
Association of Ambulance Chief Executives,33,131,85,9,18,6,0
Birmingham and Solihull Mental Health NHS Foundation Trust,33,97,77,22,9,2,0
Essex Partnership University NHS Foundation Trust,32,59,33,14,6,12,0
Tameside and Glossop Integrated Care NHS Foundation Trust,32,47,34,19,5,8,0
Central and North West London NHS Foundation Trust,32,67,36,13,10,9,0
University Hospitals Birmingham NHS Foundation Trust,31,47,36,22,5,4,0
"Barking, Havering and Redbridge University Hospitals NHS Trust",30,48,28,14,4,12,0
North East London NHS Foundation Trust,29,45,25,13,4,12,0
Nottinghamshire Healthcare NHS Foundation Trust,27,53,28,15,3,8,1
Royal College of Paediatrics and Child Health,27,107,60,10,11,5,1
Aneurin Bevan University Health Board,27,48,26,16,3,8,0
"Tees, Esk and Wear Valley NHS Foundation Trust",26,54,42,16,6,4,0
Royal College of Obstetricians and Gynaecologists,26,73,31,6,11,9,0
London Ambulance Service NHS Trust,26,87,58,9,10,7,0
Midlands Partnership University NHS Foundation Trust,26,48,36,17,3,6,0
Surrey and Borders Partnership NHS Foundation Trust,26,55,35,13,6,6,1
Royal College of General Practitioners,26,102,66,11,10,4,1
Care UK,25,58,32,9,14,2,0
Blackpool Teaching Hospitals NHS Foundation Trust,25,39,22,14,1,9,1
University Hospitals of North Midlands NHS Trust,25,33,25,16,2,7,0
"Department for Culture, Media and Sport",24,89,64,10,9,4,1
Swansea Bay University Health Board,24,53,34,10,9,5,0
NHS Derby and Derbyshire Integrated Care Board,24,63,30,9,8,7,0
Cardiff and Vale University Health Board,23,45,27,10,8,5,0
Oxleas NHS Foundation Trust,23,49,35,12,6,5,0
Cornwall Council,23,45,32,15,4,4,0
University Hospitals Dorset NHS Foundation Trust,23,34,20,13,3,7,0
Leeds Teaching Hospitals NHS Trust,23,32,20,13,1,9,0
Transport for London,22,53,45,12,6,4,0
Avon and Wiltshire Mental Health Partnership NHS Trust,22,46,28,9,8,5,0
Royal College of Psychiatrists,22,95,54,6,11,4,1
Devon Partnership NHS Trust,21,45,27,14,3,2,2
Welsh Government,21,52,33,8,7,4,2
East Midlands Ambulance Service NHS Trust,21,50,28,10,8,3,0
Herefordshire and Worcestershire Health and Care NHS Trust,21,30,20,12,4,4,1
North West Ambulance Service NHS Trust,21,69,54,12,5,4,0
West Midlands Police,21,68,60,11,9,1,0
South London and Maudsley NHS Foundation Trust,21,39,22,9,6,6,0
East Kent Hospitals University NHS Foundation Trust,20,32,12,9,1,10,0
East of England Ambulance Service NHS Trust,20,42,33,13,2,5,0
University Hospitals Plymouth NHS Trust,20,28,16,10,1,9,0
NHS Sussex Integrated Care Board,19,50,35,9,7,2,1
Surrey County Council,19,41,28,7,10,2,0
Priory Group Limited,19,41,23,12,3,4,0
The Queen Elizabeth Hospital King's Lynn NHS Foundation Trust,18,30,22,12,4,2,0
Public Health England,18,58,28,4,7,7,0
Nursing and Midwifery Council,18,65,42,8,4,6,0
South Central Ambulance Service NHS Foundation Trust,18,39,21,6,5,6,1
North East Ambulance Service NHS Foundation Trust,17,31,18,8,3,5,1
Welsh Parliament,17,50,13,4,6,7,0
Civil Aviation Authority,17,30,23,13,2,2,0
Cumbria County Council,17,21,18,10,2,5,0
Medway NHS Foundation Trust,17,21,12,9,0,8,0
Kent and Medway NHS and Social Care Partnership Trust,17,29,13,7,3,7,0
Driver and Vehicle Licensing Agency,16,29,10,3,5,6,2
United Lincolnshire Hospitals NHS Trust,16,25,7,7,1,8,0
Doncaster and Bassetlaw Teaching Hospitals NHS Foundation Trust,16,20,11,11,0,5,0
Milton Keynes University Hospital NHS Foundation Trust,16,23,17,10,2,4,0
NHS Birmingham and Solihull Integrated Care Board,16,55,40,9,4,2,1
St George’s University Hospitals NHS Foundation Trust,16,32,14,3,6,7,0
Worcestershire Acute Hospitals NHS Trust,16,23,18,12,0,2,2
South East Coast Ambulance Service NHS Foundation Trust,16,32,19,12,0,4,0
Surrey Police,16,49,22,6,5,5,0
King’s College Hospital NHS Foundation Trust,15,28,12,6,3,6,0
Durham County Council,15,17,15,12,2,1,0
Leicestershire Partnership NHS Trust,15,20,18,13,0,2,0
Department for Work and Pensions,15,41,18,8,4,2,1
Mid and South Essex NHS Foundation Trust,15,23,14,6,0,9,0
"Department for Business, Energy and Industrial Strategy",15,43,20,7,5,3,0
University Hospitals of Leicester NHS Trust,15,21,20,13,1,1,0
University Hospitals of Derby and Burton NHS Foundation Trust,15,27,16,7,5,3,0
Royal Cornwall Hospitals NHS Trust,15,24,8,5,1,8,1
Royal College of Anaesthetists,15,52,41,8,6,1,0
Bedfordshire Hospitals NHS Foundation Trust,15,20,16,10,1,4,0
Black Country Healthcare NHS Foundation Trust,15,29,19,7,4,4,0
General Pharmaceutical Council,14,51,36,5,6,2,1
NHS Digital,14,49,31,6,6,2,0
NHS Cornwall and Isles of Scilly Integrated Care Board,14,32,18,6,4,4,0
County Durham and Darlington NHS Foundation Trust,14,22,15,8,2,4,0
Maritime and Coastguard Agency,14,66,49,5,8,1,0
Birmingham City Council,14,41,22,4,7,3,0
Mersey Care NHS Foundation Trust,14,18,16,12,0,2,0
Office for Product Safety and Standards,14,37,15,5,4,4,1
Hywel Dda University Health Board,14,24,11,8,1,5,0
Royal College of Physicians,14,63,44,4,7,3,0
Hampshire and Isle of Wight Healthcare NHS Foundation Trust,14,23,17,8,3,3,0
Bolton NHS Foundation Trust,14,22,15,8,3,3,0
Dorset Healthcare University NHS Foundation Trust,14,38,15,2,3,9,0
University College London Hospitals NHS Foundation Trust,13,18,10,8,1,4,0
"Foreign, Commonwealth and Development Office",13,25,7,5,1,7,0
East Lancashire Hospitals NHS Trust,13,14,6,6,0,7,0
North Bristol NHS Trust,13,16,10,8,2,3,0
Sussex Police,13,39,26,7,3,3,0
HM Prison Pentonville,13,27,13,3,7,3,0
Oxford University Hospitals NHS Foundation Trust,13,16,11,8,2,3,0
G4S,13,44,24,5,6,2,0
Royal Free London NHS Foundation Trust,13,18,11,7,0,5,1
Royal College of Emergency Medicine,13,46,29,3,8,2,0
Portsmouth Hospitals University NHS Trust,13,23,15,5,5,3,0
Lancashire and South Cumbria NHS Foundation Trust,13,19,8,5,1,7,0
North Cumbria Integrated Care NHS Foundation Trust,12,18,16,8,2,2,0
"Department for Environment, Food and Rural Affairs",12,49,27,2,7,2,1
Great Western Hospitals NHS Foundation Trust,12,22,12,7,1,4,0
Mid Yorkshire Teaching NHS Trust,12,18,13,7,2,3,0
Coventry and Warwickshire Partnership NHS Trust,12,20,9,6,0,6,0
Yorkshire Ambulance Service NHS Trust,12,21,17,9,2,1,0
Surrey and Sussex Healthcare NHS Trust,12,18,12,6,3,3,0
Cornwall Partnership NHS Foundation Trust,12,21,12,7,3,2,0
"Cumbria, Northumberland, Tyne and Wear NHS Foundation Trust",12,18,14,10,0,2,0
NHS Nottingham and Nottinghamshire Integrated Care Board,12,61,18,1,8,3,0
West Midlands Ambulance Service University NHS Foundation Trust,12,30,23,8,1,3,0
South Western Ambulance Service NHS Foundation Trust,12,35,22,4,3,4,1
Sheffield Teaching Hospitals NHS Foundation Trust,12,20,6,5,1,6,0
Norfolk and Norwich University Hospitals NHS Foundation Trust,12,22,15,5,4,3,0
Practice Plus Group,12,34,20,5,7,0,0
Leeds City Council,11,21,16,10,0,1,0
Berkshire Healthcare NHS Foundation Trust,11,29,19,5,2,3,1
South West Yorkshire Partnership NHS Foundation Trust,11,20,11,4,4,3,0
Ashford and St Peter’s Hospitals NHS Foundation Trust,11,19,9,5,1,5,0
Whittington Health NHS Trust,11,18,9,6,4,1,0
West London NHS Trust,11,15,6,5,0,6,0
Royal Pharmaceutical Society,11,36,18,5,3,3,0
Nottingham University Hospitals NHS Trust,11,17,15,8,1,2,0
British Medical Association,11,50,22,3,4,4,0
Sandwell and West Birmingham Hospitals NHS Trust,11,21,12,7,3,1,0
Norfolk County Council,11,21,14,7,2,2,0
Driver and Vehicle Standards Agency,11,31,6,2,4,5,0
Devon and Cornwall Police,11,25,19,6,4,1,0
South West London and St George’s Mental Health NHS Trust,11,27,14,6,2,3,0
Frimley Health NHS Foundation Trust,10,18,14,5,3,2,0
Royal College of Surgeons,10,35,20,3,3,4,0
Walsall Healthcare NHS Trust,10,12,9,6,1,3,0
Calderdale Council,10,13,6,4,1,5,0
Canal and River Trust,10,16,10,4,2,4,0
Egton Medical Information Systems,10,29,25,7,1,2,0
Royal United Hospitals Bath NHS Foundation Trust,10,21,9,5,2,3,0
University Hospitals Bristol and Weston NHS Foundation Trust,10,19,7,4,1,5,0
Dorset Council,10,25,27,10,0,0,0
South Tyneside and Sunderland NHS Foundation Trust,10,20,8,5,1,4,0
Cyngor Sir Powys County Council,10,18,7,1,4,5,0
Trafford Council,10,39,22,2,6,2,0
Lincolnshire County Council,10,17,11,6,2,2,0
West Sussex County Council,9,14,10,7,1,1,0
Maidstone and Tunbridge Wells NHS Trust,9,13,11,7,1,1,0
NHS Devon Integrated Care Board,9,25,9,3,3,3,0
Staffordshire County Council,9,12,6,5,1,3,0
The Royal Wolverhampton NHS Trust,9,13,6,4,1,4,0
Kent County Council,9,13,6,4,2,3,0
Circle Health Group,9,27,8,1,3,5,0
Warwickshire County Council,9,9,4,4,0,5,0
Royal College of Pathologists,9,40,20,2,3,4,0
British Transport Police,9,36,30,4,4,1,0
Royal College of Radiologists,9,29,18,4,3,1,1
HC One,9,14,9,5,2,2,0
British Standards Institution,9,41,24,4,2,3,0
The Dudley Group NHS Foundation Trust,9,13,9,7,1,1,0
NHS Wales,8,22,13,4,2,2,0
Suffolk County Council,8,18,13,4,2,2,0
Food Standards Agency,8,29,27,7,1,0,0
NHS West Yorkshire Integrated Care Board,8,29,9,3,2,3,0
Devon County Council,8,14,5,4,0,4,0
Sheffield Health and Social Care NHS Foundation Trust,8,11,10,6,0,2,0
Homerton Healthcare NHS Foundation Trust,8,15,11,4,2,2,0
Hull University Teaching Hospitals NHS Trust,8,21,11,3,1,4,0
"Bournemouth, Christchurch and Poole Council",8,22,23,7,1,0,0
Isle of Wight Council,8,15,7,3,2,3,0
Birmingham Women's and Children's NHS Foundation Trust,8,20,4,0,2,5,1
Lewisham and Greenwich NHS Trust,8,16,10,4,3,0,1
Chief Fire Officers Association,8,30,11,3,1,4,0
Camden Council,8,14,10,4,2,2,0
Hampshire County Council,8,15,11,4,3,1,0
Health Services Safety Investigations Body,8,24,15,2,3,3,0
Hampshire and Isle of Wight Constabulary,8,20,7,3,1,4,0
Resuscitation Council UK,8,19,15,5,0,3,0
Royal Berkshire NHS Foundation Trust,8,19,13,3,3,2,0
Royal Devon University Healthcare NHS Foundation Trust,8,14,11,4,2,2,0
Gloucestershire Hospital NHS Foundation Trust,8,9,5,5,0,3,0
West Yorkshire Police,8,17,12,4,2,1,1
Greater London Authority,7,32,32,3,4,0,0
Advisory Council on the Misuse of Drugs,7,14,4,1,2,4,0
Royal National Lifeboat Institution,7,38,27,2,5,0,0
Royal College of Nursing,7,18,11,3,3,1,0
North Yorkshire Council,7,17,6,3,1,3,0
Northumbria Police,7,16,7,3,1,3,0
Nottinghamshire County Council,7,18,11,3,2,2,0
Calderdale and Huddersfield NHS Foundation Trust,7,9,3,2,0,5,0
NHS Lancashire and South Cumbria Integrated Care Board,7,30,24,5,2,0,0
Office of Rail and Road,7,19,9,1,3,3,0
Oxford Health NHS Foundation Trust,7,14,12,5,0,1,1
Bupa,7,11,7,5,0,2,0
Cambridgeshire County Council,7,11,10,6,0,1,0
Tower Hamlets Council,7,17,14,4,1,2,0
Milton Keynes City Council,7,13,11,5,1,1,0
Sherwood Forest Hospitals NHS Foundation Trust,7,11,10,6,1,0,0
Independent Office for Police Conduct,7,25,14,3,3,1,0
Joint Royal Colleges Ambulance Liaison Committee,7,23,8,1,2,4,0
Epsom and St Helier University Hospitals NHS Trust,7,16,9,3,3,1,0
Shrewsbury and Telford Hospital NHS Trust,7,8,5,4,0,3,0
Cheshire and Wirral Partnership NHS Foundation Trust,7,13,7,3,1,3,0
Bedfordshire Police,7,12,10,3,3,1,0
South Wales Police,7,11,6,4,0,3,0
"Wrightington, Wigan and Leigh Teaching Hospitals NHS Foundation Trust",7,11,8,5,1,1,0
Stockport Council,7,13,11,5,1,1,0
Chartered Trading Standards Institute,7,42,17,1,3,3,0
Wiltshire Council,7,15,8,3,1,3,0
Cheshire East Council,7,13,13,7,0,0,0
Dorset Police,7,37,37,5,2,0,0
NHS Lincolnshire Integrated Care Board,6,16,4,1,1,4,0
NHS Cheshire and Merseyside Integrated Care Board,6,28,18,2,3,1,0
Bolton Council,6,11,5,2,0,4,0
NHS Kent and Medway Integrated Care Board,6,9,4,2,0,4,0
Leeds and York Partnership NHS Foundation Trust,6,7,7,5,1,0,0
Guy's and St Thomas' NHS Foundation Trust,6,10,10,5,1,0,0
"NHS Leicester, Leicestershire and Rutland Integrated Care Board",6,11,11,5,0,1,0
Essex County Council,6,7,5,3,0,3,0
Wye Valley NHS Trust,6,6,6,5,0,1,0
UK Health Security Agency,6,19,16,3,2,1,0
Rail Safety and Standards Board,6,14,10,1,1,4,0
Sandwell Council,6,8,5,3,1,2,0
Tameside Metropolitan Borough Council,6,22,11,1,5,0,0
British Society of Gastroenterology,6,26,15,3,2,1,0
Rotherham Doncaster and South Humber NHS Foundation Trust,6,7,4,3,0,3,0
HM Prison Belmarsh,6,19,11,1,5,0,0
Thames Valley Police,6,21,18,3,3,0,0
Royal Society for the Prevention of Accidents,6,23,9,1,3,2,0
Sheffield Children’s NHS Foundation Trust,6,12,9,4,2,0,0
University Hospitals Coventry and Warwickshire NHS Trust,6,11,5,2,0,4,0
South Western Railway,6,14,7,0,4,2,0
Sheffield City Council,6,9,5,4,1,1,0
North West Anglia NHS Foundation Trust,6,11,7,3,1,2,0
NHS South Yorkshire Integrated Care Board,6,16,8,1,3,2,0
James Paget University Hospitals NHS Foundation Trust,6,14,10,3,2,1,0
Isle of Wight NHS Trust,6,10,1,1,0,5,0
Oldham Council,6,16,8,2,2,2,0
"NHS Bedfordshire, Luton and Milton Keynes Integrated Care Board",6,13,9,4,2,0,0
Birmingham Clinical Commissioning Group,6,13,12,5,1,0,0
Gloucestershire Health and Care NHS Foundation Trust,6,7,5,4,0,2,0
National Fire Chiefs Council,6,28,15,1,1,4,0
Lewisham Council,6,27,17,0,4,1,1
National Trust,6,17,11,2,4,0,0
George Eliot Hospital NHS Trust,6,17,3,1,1,4,0
British National Formulary,5,20,10,2,1,2,0
Harbour Healthcare Ltd,5,8,2,1,1,2,1
British Society for Allergy and Clinical Immunology,5,34,25,2,3,0,0
ABTA – The Travel Association,5,25,3,1,1,3,0
London Fire Brigade,5,12,10,4,1,0,0
Cygnet Health Care,5,14,10,3,1,1,0
London North West University Healthcare NHS Trust,5,14,7,3,1,1,0
HM Inspectorate of Prisons,5,18,7,2,1,2,0
HM Prison Hewell,5,10,5,0,4,1,0
South Yorkshire Police,5,11,5,3,2,0,0
Serco,5,21,2,0,2,2,1
Sainsbury's,5,12,9,3,1,1,0
Bury Council,5,10,8,4,1,0,0
Essex Police,5,10,5,1,2,2,0
Rochdale Borough Council,5,13,2,2,0,3,0
Hackney Council,5,8,6,3,2,0,0
HCA Healthcare UK,5,14,10,3,2,0,0
Walsall Council,5,12,8,1,4,0,0
West Mercia Police,5,9,8,3,1,1,0
Birmingham Community Healthcare NHS Foundation Trust,5,14,6,2,3,0,0
Wiltshire Police,5,16,4,2,1,2,0
West Suffolk NHS Foundation Trust,5,7,4,2,1,2,0
Derbyshire Healthcare NHS Foundation Trust,5,18,11,2,2,1,0
Derbyshire County Council,5,13,9,2,1,2,0
Greater Manchester Combined Authority,5,15,5,1,2,2,0
Lancashire County Council,5,18,12,4,1,0,0
Staffordshire Police,5,21,14,1,3,1,0
Chesterfield Royal Hospital NHS Foundation Trust,5,8,2,1,1,3,0
Change Grow Live,5,15,7,1,3,1,0
Borough Care,5,5,4,4,0,1,0
Avon Fire and Rescue Services,5,34,31,2,2,1,0
HM Prison Wandsworth,5,9,2,1,1,3,0
Stoke on Trent City Council,5,8,6,3,2,0,0
Brighton and Hove City Council,5,13,6,0,4,1,0
South Tees Hospitals NHS Foundation Trust,5,11,2,2,0,3,0
Northumbria Healthcare NHS Foundation Trust,5,7,5,3,2,0,0
Ofcom,5,20,13,1,3,1,0
HM Prison Long Lartin,5,5,4,3,0,2,0
HM Prison Winchester,5,13,3,0,2,3,0
East Suffolk and North Essex NHS Foundation Trust,5,6,4,3,0,1,1
Royal Yachting Association,5,18,11,1,1,3,0
HM Prison Woodhill,5,9,5,1,2,2,0
Hertfordshire County Council,5,8,4,3,0,2,0
Local Government Association,5,30,12,1,4,0,0
Plymouth City Council,5,10,1,1,0,4,0
Mitie Group,5,22,5,1,0,4,0
Milton Keynes Clinical Commissioning Group,5,7,4,3,0,2,0
Ofsted,5,9,7,3,0,2,0
NHS Surrey Heartlands Integrated Care Board,5,26,17,1,3,1,0
North Middlesex University Hospital NHS Trust,5,6,3,2,1,2,0
Virgin Care,5,13,4,1,1,3,0
Avon and Somerset Police,5,15,7,2,2,1,0
Newham Council,5,13,8,3,0,2,0
South Warwickshire University NHS Foundation Trust,5,11,11,5,0,0,0
The Princess Alexandra Hospital NHS Trust,5,7,7,4,0,1,0
The Phoenix Partnership,5,18,9,3,0,2,0
Association of Police and Crime Commissioners,4,15,16,3,1,0,0
University Hospital Southampton NHS Foundation Trust,4,5,2,2,0,2,0
Youth Justice Board,4,14,7,2,1,1,0
Wirral University Teaching Hospital NHS Foundation Trust,4,9,2,2,0,2,0
HM Prison Exeter,4,6,3,2,1,1,0
HM Prison Leeds,4,6,3,2,1,1,0
Rhondda Cynon Taf County Borough Council,4,9,5,2,1,1,0
Road Haulage Association,4,15,9,2,2,0,0
The Newcastle upon Tyne Hospitals NHS Foundation Trust,4,8,3,2,0,2,0
Barnsley Hospital NHS Foundation Trust,4,6,3,1,2,1,0
Tesco PLC,4,5,3,2,0,2,0
Prisons and Probation Ombudsman,4,10,3,0,2,2,0
Reading Borough Council,4,9,8,3,0,1,0
Redbridge Council,4,14,7,0,3,1,0
Sunderland City Council,4,4,2,2,0,2,0
Traffic Commissioners for Great Britain,4,10,7,2,1,1,0
Suffolk Constabulary,4,14,7,0,2,2,0
HM Prison Durham,4,10,7,3,1,0,0
Oxfordshire County Council,4,5,3,2,0,1,1
HM Prison Birmingham,4,9,6,2,2,0,0
NHS Frimley Integrated Care Board,4,20,10,0,2,2,0
NHS Norfolk and Waveney Integrated Care Board,4,12,9,1,3,0,0
NHS Cambridgeshire and Peterborough Integrated Care Board,4,13,6,2,0,2,0
Lincolnshire Police,4,4,1,1,0,3,0
Spire Healthcare Limited,4,6,8,4,0,0,0
NHS North East London Integrated Care Board,4,10,7,2,2,0,0
NHS South West London Integrated Care Board,4,8,5,1,2,1,0
Somerset NHS Foundation Trust,4,7,4,2,0,1,1
Department for Business and Trade,4,16,3,0,2,2,0
Denbighshire County Council,4,8,3,2,1,1,0
Dyfed-Powys Police,4,7,4,2,1,1,0
HM Prison Wormwood Scrubs,4,7,1,1,0,3,0
Royal Surrey NHS Foundation Trust,4,14,5,0,3,1,0
Imperial College Healthcare NHS Trust,4,8,0,0,0,4,0
East and North Hertfordshire NHS Trust,4,5,6,3,0,1,0
NHS Dorset Integrated Care Board,4,15,17,4,0,0,0
North Wales Local Authorities,4,12,1,0,1,3,0
Association of Directors of Adult Social Services,4,11,3,1,1,2,0
Southampton City Council,4,7,1,0,1,3,0
Warwickshire Police,4,7,6,3,1,0,0
Leicester City Council,4,8,6,2,2,0,0
City of Wolverhampton Council,4,10,4,0,2,2,0
National Trading Standards,4,15,6,0,3,1,0
National Patient Safety Agency,4,10,0,0,0,4,0
British Association of Perinatal Medicine,4,11,5,1,2,1,0
South Tyneside Council,4,6,3,2,0,2,0
Derbyshire Constabulary,4,14,8,2,1,1,0
Cheshire Constabulary,4,21,14,1,1,1,1
Kirklees Council,4,6,3,1,2,1,0
Lancashire Teaching Hospitals NHS Foundation Trust,4,7,2,1,0,3,0
Chelsea and Westminster Hospital NHS Foundation Trust,4,7,2,1,1,2,0
Swindon Borough Council,4,5,3,2,0,2,0
Sutton Council,4,20,1,0,1,3,0
West Hertfordshire Teaching Hospitals NHS Trust,4,4,3,3,0,1,0
Gateshead Health NHS Foundation Trust,4,5,2,1,0,3,0
HM Courts and Tribunals Service,4,12,6,2,2,0,0
Wandsworth Council,3,10,4,0,2,1,0
Whirlpool UK,3,6,5,2,1,0,0
Govia Thameslink Railway,3,7,7,3,0,0,0
Google,3,17,13,0,3,0,0
Gloucestershire County Council,3,4,2,2,0,1,0
Croydon Health Services NHS Trust,3,5,4,2,0,1,0
General Dental Council,3,12,6,1,1,1,0
GEOAmey,3,13,7,1,2,0,0
Staffordshire Fire and Rescue Service,3,4,2,2,0,1,0
Medicines and Healthcare products Regulatory Agency,3,13,6,0,3,0,0
Merseyside Police,3,17,16,2,1,0,0
Greater Manchester Fire and Rescue Service,3,11,2,2,0,1,0
Newcastle City Council,3,6,3,1,1,1,0
Doncaster Council,3,4,4,3,0,0,0
Lancashire Constabulary,3,21,18,1,2,0,0
Chief Medical Officer for Wales,3,11,3,1,1,1,0
National Crime Agency,3,7,6,2,0,1,0
NHS Hampshire and Isle of Wight Integrated Care Board,3,7,7,3,0,0,0
Bondcare Limited,3,6,1,1,0,2,0
Bradford Council,3,4,1,1,0,2,0
Shropshire Community Health NHS Trust,3,4,3,2,0,1,0
BT,3,8,1,0,1,2,0
Lambeth Council,3,8,4,1,2,0,0
Wakefield Council,3,6,4,1,1,1,0
Apple,3,10,7,0,2,1,0
Kettering General Hospital NHS Foundation Trust,3,11,6,1,2,0,0
The Royal Orthopaedic Hospital NHS Foundation Trust,3,3,3,3,0,0,0
North Lincolnshire Council,3,3,2,2,0,1,0
Northern Rail,3,3,1,1,0,2,0
The Lakes Care Centre,3,6,5,2,1,0,0
Somerset County Council,3,7,4,1,0,2,0
Sodexo,3,11,1,0,1,1,1
St Andrews Healthcare,3,5,3,2,1,0,0
National Ambulance Services Medical Directors,3,13,9,0,3,0,0
Disclosure and Barring Service,3,5,2,1,1,1,0
Derbyshire Community Health Services NHS Foundation Trust,3,7,1,0,1,2,0
"Department for Science, Innovation and Technology",3,7,2,1,1,1,0
East Riding of Yorkshire Council,3,7,0,0,0,3,0
Capita,3,8,7,2,1,0,0
Casualty Reduction Team,3,3,2,1,0,2,0
Intensive Care Society,3,13,1,0,1,2,0
Inmind Healthcare Group,3,5,3,1,2,0,0
Islington Council,3,12,8,2,0,1,0
Faculty of Intensive Care Medicine,3,7,7,2,1,0,0
British Marine,3,14,9,0,1,2,0
Cambian Group,3,4,3,2,1,0,0
East Sussex Healthcare NHS Trust,3,6,2,1,1,1,0
East Sussex County Council,3,4,4,3,0,0,0
Lincolnshire Partnership NHS Foundation Trust,3,8,5,1,2,0,0
NHS Humber and North Yorkshire Integrated Care Board,3,9,7,2,1,0,0
Lincolnshire Community Health Service NHS Trust,3,11,1,1,0,2,0
Healthcare Inspectorate Wales,3,7,1,0,1,2,0
Ofgem,3,17,3,1,0,2,0
Powys Teaching Health Board,3,10,5,1,2,0,0
Portsmouth City Council,3,5,3,2,1,0,0
Cambridgeshire and Peterborough NHS Foundation Trust,3,7,0,0,0,3,0
HM Prison Rochester,3,5,4,2,1,0,0
Universities and Colleges Admissions Service,3,6,5,2,1,0,0
Amazon,3,12,9,1,2,0,0
Liverpool Heart and Chest Hospital NHS Foundation Trust,3,6,5,2,1,0,0
Sunrise Senior Living,3,4,3,2,0,1,0
HM Prison Cardiff,3,7,4,1,1,1,0
Financial Conduct Authority,3,6,2,2,0,1,0
HM Prison Wakefield,3,7,2,0,2,1,0
HM Prison Swansea,3,6,3,1,1,1,0
HM Prison Swaleside,3,4,2,2,0,1,0
Elysium Healthcare,3,4,3,2,0,1,0
HM Prison Stoke Heath,3,6,3,1,1,1,0
HM Prison Wymott,3,4,2,1,0,1,1
The Hillingdon Hospitals NHS Foundation Trust,3,7,0,0,0,3,0
Hampshire Hospitals NHS Foundation Trust,3,6,4,2,0,1,0
Health and Care Professions Council,3,9,7,2,1,0,0
Environment Agency,3,5,3,1,1,1,0
Hertfordshire Constabulary,3,5,2,2,0,1,0
Herefordshire Council,3,4,4,3,0,0,0
Royal College of Midwives,3,9,2,1,0,2,0
Barchester Healthcare,3,4,3,2,1,0,0
Wigan Council,3,9,5,1,1,1,0
Royal Borough of Greenwich,3,9,4,0,3,0,0
Rotherham Metropolitan Borough Council,3,3,2,2,0,1,0
HM Prison Bedford,3,5,1,0,1,2,0
HM Prison Guys Marsh,3,9,4,2,0,1,0
Torbay and South Devon NHS Foundation Trust,3,6,3,1,1,1,0
Turning Point,3,6,6,3,0,0,0
Manchester City Council,3,7,5,1,2,0,0
Cyngor Gwynedd Council,3,6,5,2,1,0,0
Wrexham County Borough Council,3,5,4,2,1,0,0
Four Seasons Health Care,3,6,2,0,2,1,0
Forward Trust,3,8,2,0,2,1,0
Worcestershire County Council,3,5,0,0,0,3,0
Gateshead Council,2,2,1,1,0,0,1
Great Ormond Street Hospital for Children NHS Foundation Trust,2,3,2,1,1,0,0
Football Association,2,22,23,1,1,0,0
York and Scarborough Teaching Hospitals NHS Foundation Trust,2,3,3,2,0,0,0
Croft Shifa Health Centre,2,2,1,1,0,1,0
Conwy County Council,2,6,2,1,1,0,0
Mid Cheshire Hospitals NHS Foundation Trust,2,2,0,0,0,2,0
Medtronic,2,9,3,0,1,1,0
Mersey and West Lancashire Teaching Hospitals NHS Trust,2,2,2,2,0,0,0
Cumberland Council,2,2,2,2,0,0,0
Cumbria Constabulary,2,15,13,1,0,1,0
Cyngor Bwrdeistref Sirol Pen-y-Bont ar Ogwr,2,4,2,1,0,0,1
Coventry City Council,2,2,1,1,0,1,0
Medica Reporting Ltd,2,3,3,2,0,0,0
Dartford and Gravesend NHS Trust,2,3,1,0,1,1,0
Crown Prosecution Service,2,18,10,0,2,0,0
Croydon Council,2,5,1,1,0,1,0
Luton Borough Council,2,2,1,1,0,1,0
MEDACS Healthcare,2,13,6,0,2,0,0
London Borough of Havering,2,2,2,1,0,1,0
Liverpool City Council,2,4,1,0,1,1,0
UK Kidney Association,2,11,2,0,1,1,0
Association of Manufacturers of Domestic Appliances,2,20,5,0,1,1,0
Tredegar Practice,2,2,1,1,0,1,0
Torbay Council,2,6,1,1,0,1,0
Transport Research Laboratory,2,5,4,1,1,0,0
TomTom,2,9,7,0,2,0,0
University Hospitals of Morecambe Bay NHS Foundation Trust,2,3,3,2,0,0,0
University of Birmingham,2,7,2,1,1,0,0
University of Bristol,2,3,3,1,0,1,0
University of Exeter,2,3,3,2,0,0,0
Ashley Gardens Care Home,2,3,1,1,0,1,0
Association of Anaesthetists,2,9,7,1,1,0,0
Association of British Insurers,2,15,5,0,1,1,0
Association of British Neurologists,2,11,13,2,0,0,0
Liverpool University Hospitals NHS Foundation Trust,2,8,1,1,0,1,0
Liftmaster Ltd,2,16,2,0,1,1,0
NHS Coventry and Warwickshire Integrated Care Board,2,6,0,0,0,2,0
Monmouthshire County Council,2,2,3,2,0,0,0
Cornwall and Isles of Scilly Safeguarding Adults Board,2,3,0,0,0,2,0
Motorsport UK,2,21,22,1,0,1,0
NHS,2,6,2,0,2,0,0
"NHS Bath and North East Somerset, Swindon and Wiltshire Integrated Care Board",2,8,0,0,0,2,0
Cole Valley Care Limited,2,2,2,2,0,0,0
College of Emergency Medicine,2,6,4,1,0,1,0
College of Paramedics,2,6,7,2,0,0,0
NHS Herefordshire and Worcestershire Integrated Care Board,2,4,1,0,1,1,0
NHS Lothian Scotland,2,2,0,0,0,2,0
NHS Blood and Transplant,2,4,2,0,2,0,0
Community Pharmacy England,2,16,14,0,2,0,0
Construction Industry Council,2,3,3,2,0,0,0
"NHS Bristol, North Somerset and South Gloucestershire Integrated Care Board",2,5,1,0,1,1,0
Leeds Community Healthcare NHS Trust,2,7,0,0,0,2,0
Devon Local Medical Committee,2,7,5,0,2,0,0
NHS Wales Shared Services Partnership,2,7,2,0,1,1,0
National Ambulance Resilience Unit,2,6,4,0,2,0,0
NHS North East and North Cumbria Integrated Care Board,2,3,2,1,1,0,0
NHS Northamptonshire Integrated Care Board,2,5,4,1,1,0,0
NHS Professionals Limited,2,4,2,1,0,1,0
NHS South East London Integrated Care Board,2,6,2,0,2,0,0
NHS Gloucestershire Integrated Care Board,2,4,0,0,0,2,0
Clinical Commissioning Group,2,8,5,1,1,0,0
Churchgate Surgery,2,6,3,0,2,0,0
National Police Air Service,2,16,11,0,1,1,0
NHS Suffolk and North East Essex Integrated Care Board,2,4,3,1,1,0,0
City of London Police,2,13,8,0,2,0,0
Clarion Housing Group,2,4,4,2,0,0,0
Leicestershire County Council,2,2,2,2,0,0,0
Dorset County Hospital NHS Foundation Trust,2,2,3,2,0,0,0
Navigo,2,4,2,1,1,0,0
Cheshire West and Chester Council,2,2,0,0,0,2,0
Cegedim,2,9,8,1,1,0,0
Nestor Primecare,2,10,4,0,2,0,0
New Lodge Nursing Home,2,2,1,1,0,1,0
Children and Family Court Advisory and Support Service,2,9,1,0,1,1,0
Children’s Commissioner for England,2,12,7,0,1,1,0
Choice Support,2,3,0,0,0,2,0
Waste Industry Safety and Health Forum,2,3,2,1,1,0,0
Amey PLC,2,5,1,0,1,1,0
Veterinary Medicines Directorate,2,4,3,1,1,0,0
University of Surrey,2,8,2,0,2,0,0
Lambton House Care Home,2,2,2,2,0,0,0
Kent Police,2,3,2,1,1,0,0
The Scout Association,2,10,8,1,1,0,0
The Security Service,2,19,14,0,2,0,0
The Pavilions (Surrey) Management Company Limited,2,6,4,1,1,0,0
BAE Systems,2,4,4,2,0,0,0
The Practice PLC,2,6,1,0,1,1,0
Chartered Institute of Environmental Health,2,4,2,0,2,0,0
Norfolk Community Health and Care NHS Trust,2,4,3,1,1,0,0
Northampton General Hospital NHS Trust,2,3,0,0,0,1,1
Northamptonshire Healthcare NHS Foundation Trust,2,5,1,0,1,1,0
North Devon Council,2,6,5,1,1,0,0
North Laine Medical Centre,2,4,3,1,0,1,0
North Somerset Council,2,4,4,2,0,0,0
North Staffordshire Combined Healthcare NHS Trust,2,5,5,2,0,0,0
Central London Community Healthcare NHS Trust,2,2,8,2,0,0,0
The Rotherham NHS Foundation Trust,2,2,2,2,0,0,0
Jigsaw Homes Group,2,3,2,1,1,0,0
Islands Roads,2,4,1,1,0,1,0
Institution of Occupational Safety and Health,2,4,2,0,2,0,0
International Academies of Emergency Dispatch,2,2,3,1,0,1,0
Cardiff University,2,2,2,2,0,0,0
Care Inspectorate Wales,2,9,1,0,1,1,0
Care Outlook Ltd,2,3,2,1,1,0,0
Not Listed,2,2,1,1,0,1,0
North Yorkshire Police,2,5,2,1,0,1,0
Castle Rock Group,2,4,3,1,1,0,0
Catholic Church of England and Wales,2,3,1,1,0,1,0
Incommunities,2,2,1,1,0,1,0
Independent Advisory Panel on Deaths in Custody,2,8,0,0,0,2,0
Ebay UK Ltd,2,5,4,1,1,0,0
Edmiston London Heliport,2,6,4,0,2,0,0
East Cheshire NHS Trust,2,4,2,1,0,1,0
Hounslow Council,2,4,6,1,1,0,0
Oldham Clinical Commissioning Group,2,8,0,0,0,2,0
One Housing Group,2,3,2,1,1,0,0
One Stockport Health and Care Board,2,2,2,2,0,0,0
Oracle,2,4,4,2,0,0,0
Nuffield Health,2,2,1,1,0,1,0
Cardiff Council,2,3,2,1,0,1,0
British Transplantation Society,2,8,1,0,1,1,0
Peterborough City Council,2,4,1,0,1,1,0
Philips Respironics,2,5,5,1,1,0,0
Peabody Trust,2,5,5,2,0,0,0
Pembrokeshire County Council,2,3,0,0,0,2,0
Hertfordshire Partnership University NHS Foundation Trust,2,4,1,1,0,1,0
Heathview Medical Practice,2,3,3,1,1,0,0
Heaton Moor Medical Group,2,3,1,0,1,1,0
Energy UK,2,5,5,2,0,0,0
Hampshire and Isle of Wight Clinical Commissioning Group,2,2,0,0,0,2,0
Avery Healthcare,2,2,2,2,0,0,0
The Children's Trust,2,9,7,0,2,0,0
Taff's Well Medical Centre,2,5,1,1,0,1,0
Takeda UK Ltd,2,4,3,1,1,0,0
Prime Life Limited,2,3,2,1,0,1,0
Road Transport Industry Training Board,2,10,5,0,1,1,0
British Vehicle Rental and Leasing Association,2,17,12,0,2,0,0
Bromley Council,2,4,3,1,0,1,0
Renal Association,2,11,2,0,1,1,0
The Manor House North Walsham Care Home,2,4,3,1,1,0,0
Bristol City Council,2,2,0,0,0,2,0
Royal College of Veterinary Surgeons,2,4,3,1,1,0,0
British Thoracic Society,2,15,14,1,1,0,0
British Cycling,2,4,2,1,1,0,0
Haringey Council,2,2,1,1,0,1,0
Hammerson Plc,2,4,2,1,1,0,0
HM Prison Rye Hill,2,4,0,0,0,2,0
HM Prison Thameside,2,7,5,1,1,0,0
HM Prison Usk,2,3,1,0,1,1,0
Salford City Council,2,3,3,2,0,0,0
Rugby Football League,2,21,23,2,0,0,0
Rugby Football Union,2,21,23,2,0,0,0
HM Prison Lindholme,2,6,1,1,0,1,0
HM Prison Lowdham Grange,2,2,2,1,0,0,1
HM Prison Norwich,2,4,4,2,0,0,0
HM Prison Nottingham,2,6,3,1,0,1,0
HM Prison Portland,2,3,1,1,0,1,0
HM Prison Preston,2,5,1,0,1,1,0
HM Prison Ranby,2,4,2,0,1,1,0
HM Prison Elmley,2,2,2,2,0,0,0
Sirona Care & Health,2,3,1,0,1,1,0
Slough Borough Council,2,2,1,1,0,1,0
British Cardiovascular Intervention Society,2,6,5,1,1,0,0
Bracknell Forest Council,2,5,1,0,1,1,0
Scotia Gas Network,2,8,2,0,1,1,0
Security Industry Authority,2,11,4,0,2,0,0
Southeastern Railway,2,3,2,1,1,0,0
Southwark Council,2,6,3,1,1,0,0
Society of British Neurological Surgeons,2,7,4,1,1,0,0
Boots UK Limited,2,5,0,0,0,2,0
Birmingham Cross City Clinical Commissioning Group,2,6,6,2,0,0,0
Society of Radiographers,2,6,5,1,1,0,0
Bluebird Care,2,4,2,0,1,1,0
Beko Plc,2,13,5,0,1,1,0
HM Prison Fosse Way,2,4,3,1,1,0,0
HM Prison Garth,2,2,3,2,0,0,0
Festival Republic,2,7,7,2,0,0,0
HM Prison Cookham Wood,2,6,6,2,0,0,0
HM Prison Dovegate,2,2,3,2,0,0,0
Tandridge District Council,2,4,0,0,0,2,0
Tanglewood Care Services Limited,2,2,1,1,0,1,0
Bayer Plc,2,8,5,1,1,0,0
Bedford Borough Council,2,2,2,2,0,0,0
Baedling Manor Care Home,2,2,2,2,0,0,0
Balfour Beatty,2,4,2,1,0,1,0
Sussex Community NHS Foundation Trust,2,3,3,2,0,0,0
GBUK Enteral,2,4,8,2,0,0,0
GTD Healthcare,2,4,3,1,1,0,0
General Chiropractic Council,2,4,0,0,0,1,1
General Midwifery Council,2,7,6,1,1,0,0
Swansea Council,2,4,5,2,0,0,0
SubCPartner,2,2,2,1,0,1,0
West Yorkshire Fire and Rescue Service,2,6,1,0,1,1,0
Weightmans LLP,2,5,2,0,2,0,0
Airedale NHS Foundation Trust,2,2,2,1,0,1,0
Welsh Cycling,2,4,2,1,1,0,0
Gwent Police,2,2,1,1,0,1,0
Yorkshire Water,2,6,1,0,1,1,0
Addaction,2,5,4,1,1,0,0
A ONE+,2,6,1,0,1,1,0
Wychavon District Council,2,3,3,2,0,0,0
A&B Healthcare Ltd,1,3,0,0,0,1,0
Zinnia Healthcare Limited,1,1,1,1,0,0,0
1st For Health International,1,3,1,0,1,0,0
3D Trans,1,2,2,1,0,0,0
Able Care and Support Services Ltd,1,1,1,1,0,0,0
Abbotswood,1,2,1,0,1,0,0
Abbotsbury Residential Care Home,1,1,0,0,0,1,0
Abbeyfield,1,2,2,1,0,0,0
Abbey Healthcare Homes Limited,1,1,0,0,0,1,0
Abbey Dale House Ltd,1,1,1,1,0,0,0
Abbey Court Independent Hospital,1,1,0,0,0,1,0
AR1 Homecare Limited,1,1,1,1,0,0,0
Adbolton Hall Nursing Home,1,1,1,1,0,0,0
Addcounsel,1,1,1,1,0,0,0
Addiction Dependency Solutions,1,1,1,1,0,0,0
Adelaide Medical Centre,1,3,3,1,0,0,0
Aden Nursing Home,1,1,1,1,0,0,0
Adferiad Recovery,1,2,2,1,0,0,0
Adullam Homes Housing Association,1,1,0,0,0,1,0
Advanced Health and Care Ltd,1,12,9,0,1,0,0
Advinia Healthcare Ltd,1,2,1,0,1,0,0
"Advisory, Conciliation and Arbitration Service",1,1,0,0,0,1,0
A J Way and Co Ltd,1,3,1,0,1,0,0
A2Dominion of The Point,1,1,1,1,0,0,0
Whitepost Healthcare Group,1,1,0,0,0,1,0
Wibsey and Queensbury Medical Practice,1,1,0,0,0,1,0
Widnes Hall Care Home,1,2,1,0,1,0,0
Wigan Metropolitan Borough Council,1,1,0,0,0,0,1
GE Healthcare,1,2,2,1,0,0,0
GEO Group UK Ltd,1,5,1,0,1,0,0
GP,1,4,0,0,0,1,0
GRS Recovery,1,1,1,1,0,0,0
GS Halls Limited,1,9,0,0,0,1,0
Gambling Commission,1,3,3,1,0,0,0
Garage Equipment Association,1,8,2,0,1,0,0
Flintshire County Council,1,5,1,0,1,0,0
Floron Residential Home,1,2,0,0,0,1,0
Gender Identity Clinic,1,4,4,1,0,0,0
General Council,1,1,1,1,0,0,0
General Optical Council,1,1,1,1,0,0,0
Glebelands Care Team,1,1,0,0,0,1,0
Glenholme Holdingham Grange Care Home,1,1,1,1,0,0,0
Glenroyd Medical Practice,1,2,0,0,0,1,0
Globe Court Care Home,1,1,1,1,0,0,0
Green Porch Medical Centre,1,1,1,1,0,0,0
Green Surgery,1,3,2,0,1,0,0
Gloucestershire Constabulary,1,1,1,1,0,0,0
Gloucestershire Police,1,6,2,0,1,0,0
Gloucestershire Social Services,1,2,1,0,1,0,0
Goals Soccer Centres PLC,1,2,1,0,1,0,0
Godfrey Care,1,3,2,0,1,0,0
Government Legal Department,1,2,2,1,0,0,0
"Government of Nepal Ministry of Culture, Tourism and Civil Aviation",1,5,1,0,1,0,0
Grange Care Home,1,1,0,0,0,1,0
Grange Clinic,1,2,1,0,1,0,0
Grasmere Surgery,1,2,2,1,0,0,0
Grassy Meadow Care Centre,1,1,1,1,0,0,0
Gas Safe Register,1,4,2,0,1,0,0
Frome Nursing Home,1,1,0,0,0,1,0
Future Health and Social Care Association,1,3,2,0,1,0,0
Ford UK,1,2,3,1,0,0,0
Forest of Marston Vale,1,1,1,1,0,0,0
Forestry Commission,1,3,3,1,0,0,0
Fountain Medical Centre,1,4,1,0,1,0,0
Four Season’s Healthcare Home,1,5,0,0,0,1,0
Free the Way,1,1,1,1,0,0,0
Fremantle Trust,1,1,0,0,0,1,0
Fremington Medical Centre,1,5,4,0,1,0,0
Fern House Surgery,1,4,3,0,1,0,0
Fernlea Nursing Home,1,3,3,1,0,0,0
Festimed,1,1,0,0,0,1,0
Great Western Railway,1,1,1,1,0,0,0
Great Yarmouth Borough Council,1,1,1,1,0,0,0
Greater Manchester Medicines Management Group,1,2,1,0,1,0,0
Greater Manchester Neurorehabilitation Integrated Stroke Delivery Network,1,2,0,0,0,1,0
Green Lane Care Homes Limited,1,2,1,0,1,0,0
HM Prison Doncaster,1,1,2,1,0,0,0
HM Prison Downview,1,3,1,0,1,0,0
HM Prison Eastwood Park,1,4,2,0,1,0,0
Greenbrook Healthcare,1,2,2,1,0,0,0
Greenrod Place,1,2,0,0,0,1,0
Grosvenor Park Care Home,1,3,2,0,1,0,0
Guest Medical,1,3,0,0,0,1,0
Guinness Care,1,1,2,1,0,0,0
Gwern Alyn House Residential Home,1,1,1,1,0,0,0
HAE Ltd,1,3,0,0,0,1,0
HCRG Care Services Ltd,1,3,2,0,1,0,0
HF Trust Limited,1,1,1,1,0,0,0
HICA Group,1,2,1,0,1,0,0
Gravesham Borough Council,1,1,1,1,0,0,0
Gray’s Inn Road Medical Centre,1,2,2,1,0,0,0
Food and Drink Federation,1,8,8,1,0,0,0
First Aid Cover Limited,1,3,0,0,0,1,0
First Class Care,1,1,1,1,0,0,0
First Essex Buses,1,1,1,1,0,0,0
First Response Group,1,2,1,0,1,0,0
First South Yorkshire Limited,1,1,1,1,0,0,0
FirstPort Property Services,1,1,1,1,0,0,0
Fisher and Paykel,1,5,3,0,1,0,0
Fitness First,1,2,0,0,0,1,0
Fitzalan Medical Group,1,2,1,0,1,0,0
Executives’ Association of Great Britain,1,20,22,1,0,0,0
Exora Medical Limited,1,1,1,1,0,0,0
FA Group,1,1,0,0,0,1,0
HM Prison Berwyn,1,2,1,0,1,0,0
HM Prison Bristol,1,3,2,0,1,0,0
HM Prison Bullingdon,1,1,1,1,0,0,0
HM Prison Dartmoor,1,1,1,1,0,0,0
HM Prison North Sea Camp,1,5,0,0,0,1,0
HM Prison Northumberland,1,1,1,1,0,0,0
HM Prison Parc,1,3,0,0,0,1,0
HM Prison Featherstone,1,1,1,1,0,0,0
HM Prison Forest Bank,1,2,1,0,1,0,0
HM Prison Frankland,1,2,1,0,1,0,0
HM Prison Grendon,1,1,0,0,0,1,0
HM Prison High Down,1,2,1,0,1,0,0
HM Prison Highpoint,1,1,0,0,0,1,0
HM Prison Hindley,1,4,0,0,0,1,0
HM Prison Humber,1,1,0,0,0,1,0
HM Prison Lancaster Farms,1,1,2,1,0,0,0
HM Inspectorate of Probation,1,1,0,0,0,1,0
HM Prison Altcourse,1,3,2,0,1,0,0
Finchale Abbey Farm,1,2,1,0,1,0,0
Fire and Rescue Oxfordshire,1,1,1,1,0,0,0
HM Prison Lincoln,1,5,0,0,0,1,0
FALCON CRANE HIRE LIMITED,1,1,0,0,0,1,0
Faculty of Physician Associates,1,3,4,1,0,0,0
Fairfield View Care Centre,1,2,1,0,1,0,0
Fairlight Nursing Home,1,1,0,0,0,1,0
Family Mosaic,1,3,0,0,0,1,0
Farleys Solicitors LLP,1,5,1,0,1,0,0
Farnham Medical Centre,1,5,0,0,0,1,0
Federation of British Tour Operators,1,1,0,0,0,1,0
Federation of Piling Specialists,1,3,1,0,1,0,0
Fell Runners Association,1,1,0,0,0,1,0
Fentons,1,4,1,0,1,0,0
Fentons Solicitors,1,6,0,0,0,1,0
Environmental Services Associations,1,4,4,1,0,0,0
Epsom  Ewell Borough Council,1,3,0,0,0,1,0
HM Prison Liverpool,1,1,0,0,0,1,0
Eschmann Holdings Limited,1,3,1,0,1,0,0
Esher Green Surgery,1,2,0,0,0,0,1
Essex Community Rehabilitation Company,1,3,2,0,1,0,0
Ethelbert’s Children’s Services,1,4,4,1,0,0,0
European Aviation Authority,1,3,3,1,0,0,0
European Care,1,1,0,0,0,1,0
European Care Group,1,1,1,1,0,0,0
Evolve Services,1,1,1,1,0,0,0
Excel Care,1,1,0,0,0,1,0
Emergency Call Prioritisation Advisory Group,1,4,1,0,1,0,0
Emergency Call Prioritisation Advisory Group (ECPAG),1,3,1,0,1,0,0
HM Prison Styal,1,2,1,0,1,0,0
HM Prison Swinfen Hall,1,3,1,0,1,0,0
HM Prison The Mount,1,2,0,0,0,1,0
HM Prison Wayland,1,1,2,1,0,0,0
HM Prison Leicester,1,1,1,1,0,0,0
Harrogate Borough council,1,3,2,0,1,0,0
Harrogate and District NHS Foundation Trust,1,1,0,0,0,1,0
HM Revenue and Customs,1,1,0,0,0,1,0
HMP Coldingley,1,4,0,0,0,1,0
HMP YOI Portland,1,4,4,1,0,0,0
HR Healthcare Ltd,1,2,1,0,1,0,0
HSB Engineering Insurance Services Limited,1,8,2,0,1,0,0
Hackney Alcohol Recovery Centre,1,3,0,0,0,1,0
Hackney Carriage Association for the area of Kingston Upon Hull,1,3,1,0,1,0,0
Haddon Court Limited,1,1,1,1,0,0,0
Hainault Surgery,1,2,0,0,0,1,0
Halfords Group PLC,1,1,0,0,0,1,0
Hamerton Zoological Park,1,6,1,0,1,0,0
Hamilton Community Homes Ltd,1,1,1,1,0,0,0
HM Prison Spring Hill,1,1,1,1,0,0,0
Erewash Borough Council,1,4,5,1,0,0,0
Haulage Contractors Limited,1,1,0,0,0,1,0
Haven Day Care Centre,1,2,1,0,1,0,0
Hawthorn Green Care Home,1,1,0,0,0,1,0
Hazelmere Medical Centre,1,3,3,1,0,0,0
Head of Safeguarding,1,1,2,1,0,0,0
Health Education East of England,1,1,1,1,0,0,0
Health Education and Improvement Wales,1,1,1,1,0,0,0
Health and Housing – Central Bedfordshire,1,5,0,0,0,1,0
Healthcare Homes,1,2,1,0,1,0,0
Handicare Accessibility Ltd,1,2,2,1,0,0,0
Hands of Light Academy,1,1,1,1,0,0,0
Happy at Home Community Care Services Ltd,1,1,0,1,0,0,0
Harbour Healthcare Limited,1,1,0,0,0,1,0
Harden & Bingley Park Ltd,1,1,1,1,0,0,0
Harmoni,1,1,1,1,0,0,0
Harmoni South East,1,3,1,0,1,0,0
Hartlepool Borough Council,1,2,2,1,0,0,0
Emirates Airlines,1,4,2,0,1,0,0
Emral House Nursery Home,1,1,0,0,0,1,0
Emsworth Surgery,1,1,1,1,0,0,0
Endless Street Surgery,1,2,2,1,0,0,0
Energy Institute,1,4,0,0,0,0,1
Energy Networks Association,1,5,0,0,0,1,0
England Boxing,1,2,2,1,0,0,0
England and Wales Cricket Board,1,20,22,1,0,0,0
English Football League,1,20,22,1,0,0,0
English Heritage,1,5,3,0,1,0,0
English Ice Hockey,1,2,4,1,0,0,0
Eastgate Residential Care Homes,1,1,1,1,0,0,0
Eastleigh Borough Council,1,2,1,0,1,0,0
Eating Disorder Services for Adults,1,6,4,0,1,0,0
Haughton Thornley Medical Centres,1,2,2,1,0,0,0
Hilltops Medical Centre,1,3,2,0,1,0,0
Hilton Hotel,1,2,2,1,0,0,0
Himalayan Encounters,1,5,1,0,1,0,0
Hindley Health Centre Pharmacy,1,2,1,0,1,0,0
Healthcare Management Solutions Ltd,1,1,0,0,0,1,0
Healthcare Quality Improvement Partnership,1,2,2,1,0,0,0
Heathcotes Group,1,2,1,0,1,0,0
Heathrow Airport,1,1,1,1,0,0,0
Heaton Medical Centre,1,1,0,0,0,1,0
Heaton Norris Health Centre,1,3,1,0,1,0,0
Henning Hall Nursing Home,1,2,0,0,0,0,1
Hereford Medical Group,1,1,1,1,0,0,0
Heritage Attractions Ltd,1,3,0,0,0,1,0
Herries Lodge Care Home,1,1,0,0,0,1,0
Harry Sotnick House,1,3,1,0,1,0,0
Hart Care Nursing and Residential Home,1,1,1,1,0,0,0
Home Dot Care Limited,1,3,4,1,0,0,0
Home Group,1,1,0,0,0,1,0
Home Instead Senior Care,1,1,0,0,0,1,0
Homecare Association,1,9,5,0,1,0,0
Honda UK,1,3,0,0,0,1,0
Hopwood House Medical Practice,1,3,3,1,0,0,0
Herts Urgent care Limited,1,3,0,0,0,1,0
Hewett School,1,1,0,0,0,1,0
Heywood Health,1,4,0,0,0,1,0
Hibiscus Housing Association Limited,1,4,3,0,1,0,0
High Commissioner for Saint Lucia to the UK,1,1,0,0,0,1,0
High St Surgery,1,2,0,0,0,1,0
Highgrove Rest Home,1,1,1,1,0,0,0
Highlands and Trafalgar Square Surgery,1,1,1,1,0,0,0
Hillbrook Grange Residential Care Home,1,1,1,1,0,0,0
Hillingdon Council,1,3,1,0,1,0,0
Human Race Limited,1,1,1,1,0,0,0
Human Resources,1,1,0,0,0,1,0
Humankind Charity,1,2,0,0,0,1,0
Humber & North Yorkshire Health and Care Partnership,1,2,1,0,1,0,0
Humber Bridge Board,1,1,1,1,0,0,0
Humber Teaching NHS Foundation Trust,1,1,0,0,0,0,1
Humberside Police,1,1,1,1,0,0,0
Hunters Lodge Care Home,1,1,1,1,0,0,0
Hirst Electrical Plant Hire Services UK Ltd,1,1,1,1,0,0,0
Holme Farm,1,1,1,1,0,0,0
Holmes Care Group Limited,1,1,0,0,0,1,0
Holmleigh Care Homes Ltd,1,2,1,0,1,0,0
Holy Cross Hospital,1,1,1,1,0,0,0
Home Affairs,1,4,0,0,0,1,0
Home Care Support Limited,1,2,1,0,1,0,0
Home Department,1,5,10,1,0,0,0
Hotpoint UK Appliances Limited,1,8,0,0,0,1,0
Hoults Limited,1,2,0,0,0,1,0
Eden Park Surgery,1,1,0,0,0,1,0
Edgehill Care Home,1,4,0,0,0,1,0
Edgeley Medical Centre,1,1,1,1,0,0,0
Egg London Nightclub,1,1,0,0,0,1,0
Eldercare,1,5,2,0,1,0,0
Elizabeth House Oldham Limited,1,1,0,0,0,1,0
Elm Tree Court Care Home,1,2,1,0,1,0,0
Elmbridge Borough Council,1,1,0,0,0,1,0
Eltham Palace Surgery,1,1,1,1,0,0,0
Eltham Park Surgery,1,1,0,0,0,1,0
East Coast Community Healthcare Team,1,2,0,0,0,1,0
House of Commons,1,1,0,0,0,1,0
Hugo Boss UK,1,1,1,1,0,0,0
Hull City Council,1,2,0,0,0,1,0
East Leicester Clinical Commissioning Group,1,2,1,0,1,0,0
East Midlands Local Education and Training Board,1,2,0,0,0,1,0
East Staffordshire Borough Council,1,1,1,1,0,0,0
East Suffolk Council,1,1,1,1,0,0,0
Drug and Alcohol Team Devon,1,2,0,0,0,1,0
Ice Hockey UK,1,2,4,1,0,0,0
Ideal Care Home Ltd,1,1,0,0,0,1,0
Ilkley Town Council,1,1,1,1,0,0,0
Impact Housing Association,1,1,1,1,0,0,0
Improving Access to Psychological Therapies,1,2,0,0,0,1,0
Incarace,1,2,2,1,0,0,0
Independence Homes Limited,1,1,1,1,0,0,0
"Independent Futures, Southwinds Care Home",1,1,1,1,0,0,0
Independent Healthcare Providers Network,1,2,1,0,1,0,0
Independent Monitoring Board,1,2,2,1,0,0,0
Hotel Riu Oliva Beach Resort,1,1,0,0,0,1,0
JHS Contracts,1,4,2,0,1,0,0
JV Ltd,1,2,2,1,0,0,0
Jaguar Land Rover,1,1,1,1,0,0,0
Independent Training Standards Scheme and Register,1,6,5,0,1,0,0
Indesit Company,1,1,1,1,0,0,0
Indian Brasserie,1,1,0,0,0,1,0
Informa Healthcare,1,5,3,0,1,0,0
Inspector of Diving,1,2,1,0,1,0,0
Instastop Ltd,1,1,1,1,0,0,0
Institute of Directors,1,20,22,1,0,0,0
Institution of Gas Engineers and Managers,1,4,2,0,1,0,0
Insure and Co,1,1,0,0,0,1,0
International Maritime Organisation,1,2,1,0,1,0,0
International Organization of Motor Vehicle manufacturers,1,8,0,0,0,1,0
Hurst Hall Care Centre,1,1,0,0,0,1,0
Hylton View Care Home,1,1,0,0,0,1,0
John Stanley Agency,1,1,1,1,0,0,0
Johnnie Johnson Housing,1,1,1,1,0,0,0
Johnson & Johnson,1,2,1,0,1,0,0
Joint Advisory Group on GI Endoscopy,1,5,4,0,1,0,0
Joint Select Committee for the Draft Online Safety Bill,1,3,1,0,1,0,0
Joseph Holt Brewery,1,1,0,0,0,1,0
Jubilee Court Nursing Home,1,2,0,0,0,1,0
Jubilee Gardens Care Centre,1,5,5,1,0,0,0
International Powered Access Federation,1,6,5,0,1,0,0
Interweave,1,1,1,1,0,0,0
Intrepid Travel,1,5,1,0,1,0,0
Invacare Rehabilitation,1,3,3,1,0,0,0
Irish Aviation Authority,1,3,3,1,0,0,0
Iveagh Surgery,1,3,0,0,0,1,0
J A Mitchell & Sons,1,4,3,0,1,0,0
JD Wetherspoon PLC,1,1,1,1,0,0,0
Dulwich Dive Club,1,2,2,1,0,0,0
Durham Constabulary,1,1,1,1,0,0,0
EAM Care Group,1,1,1,1,0,0,0
EFAS,1,3,1,0,1,0,0
EKO-INVEST,1,3,1,0,1,0,0
ENT,1,2,1,0,1,0,0
ERYC Highways Department,1,1,0,0,0,0,1
EURO-EKO,1,3,1,0,1,0,0
Each Step Nursing Home,1,1,1,1,0,0,0
East Anglia Team,1,4,0,0,0,1,0
Dispensing Doctors Association,1,2,0,0,0,1,0
Divine Health Services,1,3,2,0,1,0,0
Dolby Vivisol,1,3,3,1,0,0,0
Jewish Free School,1,1,1,1,0,0,0
Jockey Club,1,20,22,1,0,0,0
John Somerscales Ltd,1,1,0,0,0,1,0
Jubilee Stores,1,3,1,0,1,0,0
Jurys Inn,1,1,0,0,0,1,0
Keats House Consulting Rooms London Bridge,1,2,1,0,1,0,0
Kendal Calling,1,3,3,1,0,0,0
Kennedy Wilson,1,4,0,0,0,1,0
Kent Community Health NHS Foundation Trust,1,1,0,0,0,1,0
Kier Highways Ltd,1,2,1,0,1,0,0
Killick Street Health Centre,1,1,1,1,0,0,0
Kindandental,1,2,2,1,0,0,0
King Street Medical Centre,1,1,0,0,0,1,0
King's Road Medical Centre,1,2,0,0,0,1,0
Kingkabs Limited,1,1,1,1,0,0,0
Jeesal Residential Care Services,1,2,2,1,0,0,0
Jesta Capital Corporation,1,1,0,0,0,1,0
Jet2.com Ltd,1,2,2,1,0,0,0
Duchy of Cornwall,1,1,0,0,0,1,0
Lattitude Global Volunteering,1,1,0,0,0,1,0
Lawn Tennis Association,1,20,22,1,0,0,0
Lean on Me Care Agency,1,1,1,1,0,0,0
Learning Together Network CIC,1,10,9,0,1,0,0
Kingston Upon Hull Council,1,3,1,0,1,0,0
Kingston and Richmond NHS Foundation Trust,1,2,1,0,1,0,0
Kirby Road Surgery,1,1,1,1,0,0,0
Knowle House Surgery,1,1,2,1,0,0,0
Kockey Road Medical Centre,1,1,1,1,0,0,0
L&Q Group Housing,1,1,1,1,0,0,0
LAS Legal Services,1,4,2,0,1,0,0
LEC Refrigeration,1,2,0,0,0,1,0
LNER,1,2,2,1,0,0,0
LTE Group,1,1,0,0,0,1,0
Laing O’Rourke,1,2,2,1,0,0,0
Lakeview Care Home,1,3,1,0,1,0,0
Leonard Cheshire,1,1,1,1,0,0,0
Donneybrook Medical Centre,1,2,2,1,0,0,0
Dorset and Wiltshire Fire and Rescue Service,1,12,11,0,1,0,0
Dovecote Lodge,1,1,0,0,0,1,0
Downham Grange Care Home,1,1,1,1,0,0,0
Downshaw Lodge,1,2,2,1,0,0,0
Drager,1,2,2,1,0,0,0
Drayton Manor Theme Park,1,2,0,0,0,1,0
Lancs & Cumbria Lifts UK Ltd,1,4,0,0,0,1,0
Landlord,1,1,1,1,0,0,0
Lands End Resort,1,3,0,0,0,1,0
Landsec,1,1,1,1,0,0,0
Langford Centre,1,2,2,1,0,0,0
Langley Health Centre,1,5,0,0,0,1,0
Lantra,1,6,5,0,1,0,0
Lapal House and Lodge Care Home,1,2,0,0,0,1,0
DAF Trucks Ltd,1,4,4,1,0,0,0
Derwent Students,1,1,1,1,0,0,0
Devon ICB,1,4,0,0,0,0,1
Digital,1,2,2,1,0,0,0
Digsafe Suction Excavations Limited,1,2,1,0,1,0,0
Dinnington Group Practice,1,2,0,0,0,1,0
Director of Housing,1,2,1,0,1,0,0
Director of Public Prosecutions,1,2,1,0,1,0,0
Directorate South West,1,4,0,0,0,1,0
Delamere Medical Practice,1,1,1,1,0,0,0
Dennis Eagle Ltd,1,1,1,1,0,0,0
Leeds Teaching Hospitals,1,3,4,1,0,0,0
Leek Health Centre,1,3,1,0,1,0,0
Leicester Campaign Cycling Group,1,2,1,0,1,0,0
Leicestershire Local Safeguarding Board,1,4,2,0,1,0,0
Leigh NHS Foundation Trust,1,5,3,0,1,0,0
Leyden Delta Ltd,1,4,4,1,0,0,0
Lifeshield Medical Services Limited,1,1,1,1,0,0,0
Lifeskills,1,2,2,1,0,0,0
Lifestyle Care PLC,1,1,1,1,0,0,0
Lifeway Care Ltd,1,1,1,1,0,0,0
Liftmaster Servicing,1,8,0,0,0,1,0
Lightwater Quarries Limited,1,1,1,1,0,0,0
Lime Tree Surgery,1,1,1,1,0,0,0
Lincs Firwood Co Ltd,1,1,1,1,0,0,0
Linden House Surgery,1,5,3,0,1,0,0
Linden Medical Group – Stapleford Care Centre,1,3,0,0,0,1,0
Leeds Martial Arts College,1,1,0,0,0,1,0
Denton Medical Centre,1,1,0,0,0,1,0
Depaul UK,1,1,1,1,0,0,0
Derby City Council,1,5,5,1,0,0,0
Cyngor Sir Ceredigion County Council,1,2,2,1,0,0,0
London's Air Ambulance Charity,1,2,1,0,1,0,0
Long Furlong Medical Centre,1,1,0,0,0,1,0
Longshoot Health Centre,1,1,0,0,0,1,0
Louis Group,1,7,0,0,0,1,0
Lisson Grove Health Centre,1,2,1,0,1,0,0
Lister House Oakwood,1,1,1,1,0,0,0
Litch Care for Action,1,2,1,0,1,0,0
Little Trethew Horningtops,1,2,2,1,0,0,0
Littleborough Care Home,1,4,0,0,0,1,0
LivaNova UK Limited,1,1,0,0,0,0,1
Liverpool Womens Hospital NHS Foundation Trust,1,1,1,1,0,0,0
Livewell Southwest,1,1,1,1,0,0,0
Local Health Board,1,3,4,1,0,0,0
Locala,1,9,5,0,1,0,0
Lockfield Surgery,1,2,1,0,1,0,0
Lodge Road Surgery,1,2,0,0,0,1,0
M C Federation,1,2,1,0,1,0,0
MAC Skip Hire Limited,1,1,0,0,0,1,0
MK together,1,2,1,0,1,0,0
MPS Investments Ltd,1,2,0,0,0,1,0
MRHA,1,1,0,0,0,1,0
Macklin Street Surgery,1,4,0,0,0,1,0
Macmillan Cancer Support,1,3,2,0,1,0,0
Maesteg Comprehensive School,1,2,2,1,0,0,0
London Borough of Bexley,1,4,4,1,0,0,0
London Borough of Bromley,1,2,0,0,0,0,1
London Borough of Ealing,1,5,0,0,0,1,0
London Borough of Harrow,1,1,0,0,0,1,0
London Borough of Richmond upon Thames,1,5,1,0,1,0,0
London Borough of Waltham Forest,1,4,4,1,0,0,0
London Central and West Unscheduled Care Collaborative,1,12,9,0,1,0,0
London Northwestern Railway,1,1,1,1,0,0,0
DHL Supply Chain UK,1,1,1,1,0,0,0
Dairy Lane Care Centre,1,1,0,0,0,1,0
Dalmeny Hotel,1,1,1,1,0,0,0
Darlington Farmers Auction Mart,1,1,0,0,0,1,0
Darnall Grange Care Home,1,1,1,1,0,0,0
Darwin Medical Practice,1,3,3,1,0,0,0
David Ake & Co Solicitors,1,1,1,1,0,0,0
Davyhulme Medical Centre,1,2,2,1,0,0,0
Daynight Pharmacy,1,4,0,0,0,1,0
Dearne Valley Group Practice,1,1,1,1,0,0,0
Decathlon UK,1,4,2,0,1,0,0
Deerlands Residential Home,1,1,1,1,0,0,0
Croydon Clinical Commissioning Group,1,3,3,1,0,0,0
Lundbeck Limited,1,4,3,0,1,0,0
Lynmere Nursing home,1,1,1,1,0,0,0
M & S Water Services,1,2,2,1,0,0,0
Medical Protection Society,1,3,0,0,0,1,0
Magenta Living Support Link,1,1,1,1,0,0,0
Major retailers of e-scooters,1,5,10,1,0,0,0
Manchester Airport Group,1,4,2,0,1,0,0
Manchester Medical Service,1,4,2,0,1,0,0
Manchester United Football Club,1,3,3,1,0,0,0
Mandeville Grange Nursing Home,1,1,0,0,0,0,1
Manor Field Surgery,1,1,1,1,0,0,0
Manor Park Residential Home,1,1,0,0,0,1,0
Mansfield District Council,1,1,1,1,0,0,0
Marble Ideas Ltd,1,1,1,1,0,0,0
Maria Mallaband Care Group,1,2,1,0,1,0,0
Marks and Spencer,1,1,1,1,0,0,0
Low Moor Medical Practice,1,1,1,1,0,0,0
Lower Clapton Group Practice,1,1,1,1,0,0,0
Ludlow Street Healthcare,1,1,2,1,0,0,0
Cruise and Maritime Services International Limited,1,3,2,0,1,0,0
Crystal Care Limited,1,2,1,0,1,0,0
Cuerden care Homes,1,1,0,0,0,1,0
Cumbria Health,1,2,2,1,0,0,0
Countrywide Care Homes,1,2,1,0,1,0,0
Maurice Mason Ltd,1,1,1,1,0,0,0
Mayday Group,1,1,1,1,0,0,0
Mayday Health Care Plc,1,1,1,1,0,0,0
Mayfield Care Home,1,6,0,0,0,1,0
Maylands Health Care,1,4,0,0,0,1,0
Meadbank Care Home,1,2,1,0,1,0,0
Meade Close Care Home,1,4,2,0,1,0,0
Meanwood Group Practice,1,1,1,1,0,0,0
MedPure Healthcare,1,1,1,1,0,0,0
Medequip UK,1,1,1,1,0,0,0
Medical Centre Stalybridge,1,4,2,0,1,0,0
Mid Essex Clinical Commissioning Group Trust,1,4,3,0,1,0,0
Mid and West Wales Fire and Rescue Service,1,2,0,0,0,1,0
Midgehole Working Mens Club,1,1,1,1,0,0,0
Medical Research Council,1,6,5,0,1,0,0
Medical Schools Council,1,6,5,0,1,0,0
Medicines and Healthcare Projects Regulation Authority,1,4,0,0,0,0,1
Medico Legal Manager,1,2,1,0,1,0,0
Medicspro,1,2,0,0,0,1,0
Medway Community Healthcare,1,1,0,0,0,1,0
Medway Council,1,1,1,1,0,0,0
Mental Health Care Newton House Limited,1,1,0,0,0,1,0
Mercedes-Benz,1,2,2,1,0,0,0
Merlin Entertainment Limited,1,2,0,0,0,1,0
Martin-Baker Aircraft Company,1,1,0,0,0,1,0
Masta Limited,1,1,2,1,0,0,0
Masters of Foxhounds Association,1,2,1,0,1,0,0
Coxbench Hall Residential Home,1,1,1,1,0,0,0
Crawley Borough Council,1,2,1,1,0,0,0
Creative Support Limited,1,1,0,0,0,1,0
Credenhill Court Rest Home,1,1,1,1,0,0,0
Crescent Pharma Ltd,1,6,1,0,1,0,0
Cricket Green Medical Practice,1,3,3,1,0,0,0
Croft House Rest Home,1,3,0,0,0,1,0
Crossroads House Care Home,1,1,1,1,0,0,0
Crown Care,1,1,0,0,0,1,0
Consumer Relations and Legal Affairs,1,2,0,0,0,1,0
Coombe Dingle Nursing Home,1,1,0,0,0,1,0
Merton Council,1,5,1,0,1,0,0
Meta Platforms,1,5,5,1,0,0,0
Metalchem Ltd,1,3,3,1,0,0,0
Metropolitan Police Service (MPS),1,1,0,0,0,0,1
MiHomecare,1,1,1,1,0,0,0
My The Orchards Ltd,1,2,0,0,0,1,0
Mylan Pharmaceuticals,1,8,2,0,1,0,0
Midway Pharmacy,1,2,0,0,0,0,1
Mildmay Medical Practice,1,1,0,0,0,1,0
Milestones Trust,1,1,0,0,0,1,0
Milford House Care Home,1,3,0,0,0,1,0
Military Aviation Authority,1,2,0,0,0,1,0
Mill View Nursing Home,1,3,0,0,0,1,0
Millbrook Healthcare Limited,1,1,0,0,0,1,0
Mills Family Ltd,1,2,0,0,0,0,1
Ministry of Defence Police,1,3,1,0,1,0,0
Mirus Wales,1,1,1,1,0,0,0
Merseytravel,1,1,0,0,0,1,0
Merthyr Tydfil County Borough Council,1,1,1,1,0,0,0
Coventry University,1,1,1,1,0,0,0
Cowes Week Limited,1,3,1,0,1,0,0
Cornwall Health,1,3,3,1,0,0,0
Coronary Heart Disease Review,1,4,0,0,0,1,0
Coronary Heart Disease Review’s Clinical Advisory Panel,1,4,0,0,0,1,0
Cosmetic Toiletry and Perfume Association,1,1,0,0,0,1,0
Council of Psychotherapy,1,5,3,0,1,0,0
Counsellor,1,2,2,1,0,0,0
Countess of Chester Hospital NHS Foundation Trust,1,2,0,0,0,1,0
Collingwood Nursing Home,1,1,0,0,0,1,0
Colton Lodges Nursing Home,1,3,2,0,1,0,0
Moorfield House Surgery,1,5,0,0,0,1,0
Moorfields Eye Hospital NHS Foundation Trust,1,1,1,1,0,0,0
Morton Hall Immigration Removal Centre,1,2,0,0,0,1,0
Motor Cross Federation,1,1,1,1,0,0,0
Moundsley Hall Nursing Home,1,1,0,0,0,1,0
Mundesley Medical Centre,1,2,1,0,1,0,0
My Care Ltd,1,2,0,0,0,1,0
Compton Lodge Care Home,1,3,3,1,0,0,0
Confederation of British Industry,1,20,22,1,0,0,0
Congenital Heart Services Clinical Reference Group,1,4,0,0,0,1,0
Connaught House Care Home,1,2,3,1,0,0,0
Connect Plus (M25) Limited,1,3,3,1,0,0,0
Construction Plant Hire Association,1,2,1,0,1,0,0
Consultant Physician and Gastroenterologists,1,2,0,0,0,1,0
Cleveland Police Roads Policing Unit,1,3,1,0,1,0,0
Clevermed Limited,1,1,1,1,0,0,0
Clifton Court Nursing Home,1,1,1,1,0,0,0
NHS Coastal West Sussex Clinical Commissioning Group,1,2,2,1,0,0,0
NHS Education for Scotland,1,1,1,1,0,0,0
Monarch Healthcare Ltd,1,1,1,1,0,0,0
Copperfields Nursing Home,1,3,1,0,1,0,0
Corbett House Nursing Home,1,3,0,0,0,1,0
Cornishway Group Practice,1,1,1,1,0,0,0
Collaborative Mobility UK,1,3,3,1,0,0,0
College for Policing,1,4,2,0,1,0,0
College of Clinical Perfusion Scientists,1,4,1,0,1,0,0
Circle Healthgroup Ltd,1,1,0,0,0,0,1
City Health Care Partnership,1,6,6,1,0,0,0
City and County Healthcare Group,1,2,2,1,0,0,0
NHS Hertfordshire and West Essex Integrated Care Board,1,2,2,1,0,0,0
NHS Mid and South Essex Integrated Care Board,1,2,0,0,0,1,0
NHS Midlands and Lancashire Commissioning Support Unit,1,2,1,0,1,0,0
NHS Norfolk,1,2,1,0,1,0,0
NHS North Central London Integrated Care Board,1,12,9,0,1,0,0
NHS Black Country Pathological Service,1,2,3,1,0,0,0
Comfort Call Limited,1,1,1,1,0,0,0
Company Chemists’ Association,1,4,4,1,0,0,0
Compass Wellbeing,1,6,7,1,0,0,0
Compliance Manager,1,2,0,0,0,1,0
National Coasteering Charter,1,1,2,1,0,0,0
National Counter Terrorism Security Office,1,9,5,0,1,0,0
NHS North West London Integrated Care Board,1,2,0,0,0,1,0
NHS North Western Deanery,1,7,3,0,1,0,0
NHS Nottingham,1,3,0,0,0,1,0
NHS Pathways.,1,3,3,1,0,0,0
"NHS Shropshire, Telford and Wrekin Integrated Care Board",1,4,3,0,1,0,0
NHS Southern Derbyshire Clinical Commissioning Group,1,3,0,0,0,1,0
NHS Specialist Pharmacy Service,1,8,7,0,1,0,0
NHS Staffordshire and Stoke-on-Trent Integrated Care Board,1,2,1,0,1,0,0
Clifton Suspension Bridge Trust,1,1,1,1,0,0,0
Clinical Committee,1,6,6,1,0,0,0
Clinisys UK,1,4,0,0,0,1,0
Clough Williams-Ellis Trust,1,3,2,0,1,0,0
Coal Authority,1,1,1,1,0,0,0
Coed Duon Care Home,1,1,1,1,0,0,0
City and Hackney GP Confederation,1,2,1,0,1,0,0
City of Westminster,1,1,1,1,0,0,0
City of York Council,1,3,0,0,0,1,0
Clacton Community Practices,1,1,1,1,0,0,0
Clare House Surgery,1,3,0,0,0,1,0
Claypath and University Medical Group,1,3,2,0,1,0,0
Cleric Computer Services,1,1,1,1,0,0,0
Clevedon Medical Centre,1,1,0,0,0,1,0
Cleveland Police,1,2,1,0,1,0,0
Chief Coroner of England and Wales,1,2,1,0,1,0,0
NRS Healthcare,1,2,0,0,0,0,1
NSL Care Services,1,1,0,0,0,1,0
Nant y Gaer Hall Nursing Home,1,1,1,1,0,0,0
National Autistic Society,1,8,1,0,1,0,0
National Care Consortium Ltd,1,2,1,0,1,0,0
National Child Safeguarding Review Panel,1,6,4,0,1,0,0
National Small-bore Rifle Association,1,2,1,0,1,0,0
National Society for the Prevention of Cruelty to Children,1,2,0,0,0,1,0
National Tree Safety Group,1,1,0,0,0,1,0
"National Union of Rail, Maritime and Transport Workers",1,4,0,0,0,1,0
National Water Safety Forum,1,12,5,0,1,0,0
National Diving and Activity Centre,1,3,3,1,0,0,0
National Express West Midlands,1,1,1,1,0,0,0
National Farmers Union,1,6,0,0,0,1,0
National General Medical Council,1,3,0,0,0,1,0
National Grid,1,9,0,0,0,1,0
National Highways Limited,1,3,3,1,0,0,0
National Infusion and Vascular Access Society,1,5,4,1,0,0,0
National Institute for Cardiovascular Outcomes Research,1,4,1,0,1,0,0
National Institute for Health and Care Research,1,6,5,0,1,0,0
National Medical Examiner,1,3,0,0,0,1,0
National Open College Network,1,6,5,0,1,0,0
National Pharmacy Association,1,4,3,0,1,0,0
National Plant Operators Registration Scheme,1,6,5,0,1,0,0
Chief Midwifery Officer,1,5,0,0,0,1,0
Children’s Commissioner for Wales,1,9,7,0,1,0,0
Chilton Care Centre,1,1,0,0,0,1,0
Christian Congregation of Jehova’s Witnesses,1,1,1,1,0,0,0
Church Elm Lane Medical Practice,1,1,1,1,0,0,0
Church Lane Surgery,1,2,2,1,0,0,0
Church of England,1,2,2,1,0,0,0
Churchers Solicitors,1,1,0,0,0,1,0
Chartered Institution of Highways and Transportation,1,2,0,0,0,1,0
Chartered Institution of Wastes Management,1,4,4,1,0,0,0
National Rail,1,1,1,1,0,0,0
National Referral Support Service,1,2,2,1,0,0,0
National Research Ethics Service,1,3,0,0,0,1,0
National Rifle Association,1,2,1,0,1,0,0
Cherry Orchard Nursing Home,1,1,0,0,0,1,0
Cheshire Fire and Rescue Service,1,4,0,0,0,1,0
Cheshire Wirral Partnership,1,3,2,0,1,0,0
Chief Constables,1,4,34,1,0,0,0
Cator Medical Centre,1,4,1,0,1,0,0
Cedar Care Home,1,2,1,0,1,0,0
Neasham Road Surgery,1,3,2,0,1,0,0
Neath Port Talbot Council,1,5,2,0,1,0,0
Network Agencies Estate Agents,1,2,0,0,0,1,0
Network Homes,1,2,3,1,0,0,0
New Court Surgery,1,1,1,1,0,0,0
New Park Residential Home,1,2,1,0,1,0,0
Newark and Sherwood District Council,1,7,2,0,1,0,0
Newbury Park Health Centre,1,1,0,0,0,1,0
Newgate Medical Group,1,1,0,0,0,1,0
National Pharmaceutical Association,1,8,7,0,1,0,0
Charity Commission for England and Wales,1,9,7,0,1,0,0
Caremark Limited,1,1,1,1,0,0,0
Carewatch,1,1,0,0,0,1,0
Careworld London Limited,1,2,2,1,0,0,0
Next Stage,1,2,2,1,0,0,0
Niche Technology,1,12,11,0,1,0,0
Nightingale Home Help Service,1,1,1,1,0,0,0
Nightingale Hospital,1,2,1,0,1,0,0
Non-Executive Directors’ Association,1,20,22,1,0,0,0
Norfolk Police,1,4,0,0,0,1,0
Normanton Village View Nursing Home,1,3,0,0,0,1,0
NaturPlus UK,1,3,3,1,0,0,0
Natural Resources Wales,1,5,2,0,1,0,0
Chelsfield Surgery,1,1,0,0,0,1,0
Chemical Business Association,1,3,0,0,0,1,0
Cherish Home Care,1,1,1,1,0,0,0
Northern Lincolnshire and Goole NHS Foundation Trust,1,1,1,1,0,0,0
Northern Medical Centre,1,2,1,0,1,0,0
North East Lincolnshire Council,1,1,1,1,0,0,0
North Tees and Hartlepool NHS Trust,1,3,1,0,1,0,0
North Wales Constabulary,1,3,1,0,1,0,0
North Wales Police,1,1,1,1,0,0,0
Newmarket Promotions Limited,1,3,2,0,1,0,0
Newport City Council,1,1,0,0,0,1,0
Centra Support,1,1,1,1,0,0,0
Central Bedfordshire Council,1,1,1,1,0,0,0
Central England Co-operative,1,2,2,1,0,0,0
Central Medical Services,1,1,0,0,0,1,0
Central Surgery,1,1,1,1,0,0,0
Chalfont Road Surgery,1,2,0,0,0,1,0
Channel Swimming and Piloting Federation,1,2,2,1,0,0,0
Charing Healthcare,1,1,1,1,0,0,0
Carlsberg Supply Co Ltd,1,1,1,1,0,0,0
Carlton House Rest Home,1,2,0,0,0,1,0
Carmarthenshire County Council,1,2,0,0,0,1,0
Carrington Doors,1,1,0,0,0,1,0
Castlefields Health Centre,1,2,0,0,0,1,0
Caterlink,1,4,2,0,1,0,0
Catholic Standards Safeguarding Agency,1,2,2,1,0,0,0
Canary Wharf Management Limited,1,1,1,1,0,0,0
Capita Business Services Ltd,1,2,2,1,0,0,0
North of England Care System Support,1,4,0,0,0,1,0
Northamptonshire County Council,1,1,0,0,0,1,0
Northamptonshire Healthcare Foundation Trust,1,1,0,0,0,0,1
Northamptonshire Police,1,2,2,1,0,0,0
Northern Care Limited,1,1,0,0,0,1,0
Northern Gas Network,1,4,0,0,0,1,0
"Northern Health and Social Care Trust, Northern Ireland",1,1,1,1,0,0,0
Off the Rails Cafe,1,2,0,0,0,1,0
Office for Students,1,10,9,0,1,0,0
Northfields Surgery,1,3,3,1,0,0,0
Northumbria Water,1,1,0,0,0,1,0
Northwood Square,1,1,1,1,0,0,0
Norvic Clinic,1,1,0,0,0,1,0
Norwich Practices Health Centre,1,1,1,1,0,0,0
Nottingham City Council,1,1,1,1,0,0,0
Nottingham Clinical Commissioning Group,1,1,0,0,0,1,0
Nottingham Police,1,5,3,0,1,0,0
Nottinghamshire Police,1,1,0,0,0,1,0
Nottinghamshire Safeguarding Children Partnership,1,5,4,0,1,0,0
North West Fire Control,1,13,13,1,0,0,0
Carillion,1,2,3,1,0,0,0
Caring Homes Healthcare Group Limited,1,2,1,0,1,0,0
Carlisle Healthcare,1,2,2,1,0,0,0
Care Agency,1,2,2,1,0,0,0
Care First Class UK Limited,1,2,2,1,0,0,0
Care First Homes,1,1,0,0,0,1,0
Care Inn Limited,1,3,1,0,1,0,0
Care4U Healthcare,1,1,0,0,0,1,0
Cabinet Office,1,1,1,1,0,0,0
Cadent Gas Ltd,1,4,2,0,1,0,0
Caerphilly County Borough Council,1,1,2,1,0,0,0
Nuttall Ltd,1,2,2,1,0,0,0
ORCi,1,2,2,1,0,0,0
Oadby and Wigston Borough Council,1,3,2,0,1,0,0
Oak Lodge Care Home,1,4,1,0,1,0,0
Oak Side Surgery,1,1,1,1,0,0,0
Oakridge House Residential Home,1,2,1,0,1,0,0
Oaks Medical Centre,1,2,0,0,0,1,0
Oasis Recovery Communities,1,2,1,0,1,0,0
Cambridgeshire Constabulary,1,6,1,0,1,0,0
Camino Healthcare,1,4,2,0,1,0,0
Campus Living Villages,1,2,2,1,0,0,0
Canary Wharf Group PLC,1,1,1,1,0,0,0
Buckinghamshire Council,1,1,1,1,0,0,0
Buckinghamshire Healthcare NHS Trust,1,2,0,0,0,1,0
Old Bridge Surgery,1,2,2,1,0,0,0
Old Catton Medical Practice,1,1,1,1,0,0,0
One Medical Group,1,3,4,1,0,0,0
Optare,1,3,1,0,1,0,0
Options for Care Ltd,1,1,1,1,0,0,0
Orchard 2000 Pharmacy,1,2,3,1,0,0,0
Orchard Care Homes,1,1,0,0,0,1,0
Npower,1,3,3,1,0,0,0
Nuffield Road Medical Centre,1,1,0,0,0,1,0
Capital Karts Trading Ltd,1,1,1,1,0,0,0
Pelican Partners Ltd,1,3,1,0,1,0,0
Orchard Surgery,1,4,0,0,0,1,0
Outlook Care Ltd,1,4,4,1,0,0,0
Over Manager,1,1,0,0,0,1,0
P3 Charity,1,1,1,1,0,0,0
PCRSteel Ltd.,1,2,0,0,0,1,0
PJ Care,1,1,0,0,0,1,0
PLASA,1,2,0,0,0,1,0
POM-EKO,1,3,1,0,1,0,0
Park Holiday UK Limited,1,1,1,1,0,0,0
Park and Francis Surgery,1,2,2,1,0,0,0
Parkdeane Holidays,1,4,3,0,1,0,0
Parkhill Group of Companies,1,2,1,0,1,0,0
Office of the Speaker’s Counsel,1,8,7,0,1,0,0
Cambridge Nursing Home Ltd,1,4,2,0,1,0,0
Cambridge University Hospitals NHS Foundation Trust,1,2,0,0,0,1,0
Phoenix Hospital Group,1,1,1,1,0,0,0
Phuket Highway District,1,1,0,0,0,1,0
Physio Control UK Ltd,1,5,5,1,0,0,0
Parkview Practice,1,3,0,0,0,1,0
Parkway Health Centre,1,1,0,0,0,1,0
Partnerships In Care,1,1,1,1,0,0,0
Partnerships in Care,1,2,1,0,1,0,0
Passmonds Care Home,1,3,0,0,0,1,0
Patient Transport UK Ltd,1,1,0,0,0,1,0
Paul Wainwright Construction Services Ltd,1,2,2,1,0,0,0
Peabody,1,3,3,1,0,0,0
Peak Valley Housing Association,1,2,1,0,1,0,0
Peaks and Plains Housing Trust,1,1,0,1,0,0,0
Peel Holdings,1,2,1,0,1,0,0
Peel Medical Practice,1,2,2,1,0,0,0
Pelham House,1,1,1,1,0,0,0
Police Safer Roads Team,1,1,2,1,0,0,0
Police Service of Northern Ireland,1,1,0,0,0,1,0
Porthleven Harbour and Dock Company,1,2,3,1,0,0,0
Portsmouth Motocross Club,1,2,1,0,1,0,0
Practice 1 Keir Hardie Health Park,1,4,0,0,0,1,0
Precision Bodyshop Ltd,1,8,0,0,0,1,0
Pentree Lodge Home,1,1,1,1,0,0,0
Persimmon Homes,1,2,2,1,0,0,0
Persona Care and Support Ltd,1,2,2,1,0,0,0
Petroc GP Group Practice,1,1,1,1,0,0,0
Pfizer,1,4,2,0,1,0,0
Pharmacy2U Limited,1,3,0,0,0,1,0
Philips Electronics UK Ltd,1,1,2,1,0,0,0
Phillips Healthcare,1,3,2,0,1,0,0
Phoenix Care Centre,1,1,2,1,0,0,0
Phoenix Futures,1,5,1,0,1,0,0
Pintrest,1,5,5,1,0,0,0
Bureau Veritas UK Ltd,1,4,1,0,1,0,0
Burton Croft Surgery,1,1,1,1,0,0,0
Bute House Surgery,1,1,0,0,0,1,0
Byron Hamburgers,1,6,3,0,1,0,0
CAMHS,1,3,4,1,0,0,0
CAT,1,2,0,0,0,1,0
CECOPS,1,6,6,1,0,0,0
CLS Care Services,1,1,1,1,0,0,0
CMF Limited,1,2,2,1,0,0,0
CSC,1,4,3,0,1,0,0
CSS Telecare Service,1,3,0,0,0,1,0
CaMIS PAS,1,2,0,0,0,1,0
British Travel Agents,1,1,1,1,0,0,0
Plateus Ltd,1,1,1,1,0,0,0
Pluss Work Choice,1,3,2,0,1,0,0
Radcliffe Manor House Care Home,1,1,2,1,0,0,0
Premier League,1,20,22,1,0,0,0
Premier Rescue Ambulance Services,1,1,1,1,0,0,0
Pret a Manger,1,4,2,0,1,0,0
Primary Care Support England,1,3,1,0,1,0,0
Prime Minister’s Office,1,2,2,1,0,0,0
Primebulk Shipmanagement Limited,1,1,0,0,0,1,0
Princess Street Practice,1,2,1,0,1,0,0
Priority Dispatch Corp UK Ltd,1,1,0,0,0,1,0
Prism Medical UK Ltd,1,4,1,0,1,0,0
Prison Officers' Association,1,5,0,0,0,1,0
Pristine Care Group Ltd,1,2,1,0,1,0,0
Professional Footballers’ Association,1,20,22,1,0,0,0
Proprietary Association,1,9,5,0,1,0,0
Pindy Enterprises Limited,1,1,0,0,0,1,0
Pinner and District Community Association,1,1,0,0,0,1,0
Red House Surgery,1,3,3,1,0,0,0
Redningsselskapet,1,3,2,0,1,0,0
Reed Specialist Recruitment Limited,1,2,3,1,0,0,0
Provost Marshall (Army),1,2,0,0,0,1,0
Public Services,1,4,3,0,1,0,0
Q-Park Limited,1,2,1,0,1,0,0
QHS GP Care Home,1,3,3,1,0,0,0
Quality and Exemplar Healthcare,1,3,1,0,1,0,0
Quarry House,1,6,0,0,0,1,0
Queen Victoria Hospital NHS Foundation Trust,1,4,3,0,1,0,0
Queen’s Harbour Master Portsmouth,1,1,1,1,0,0,0
Quora,1,3,2,0,1,0,0
RCI,1,2,0,0,0,1,0
RICS,1,1,1,1,0,0,0
RPFI,1,2,0,0,0,1,0
Radcliffe Investment Properties,1,1,1,1,0,0,0
Richmond Medical Centre,1,2,2,1,0,0,0
Rights and Responsibilities Group,1,1,0,0,0,1,0
Ringmead Medical Group,1,1,1,1,0,0,0
Risedale Estates Limited,1,2,0,0,0,1,0
Ritchie Street Group Practice,1,1,1,1,0,0,0
Riverside Rest Home,1,1,0,0,0,1,0
RadcliffesLeBrasseur LLP,1,2,2,1,0,0,0
Radiology Reporting Online LLP,1,2,0,0,0,1,0
Radis Community Care,1,1,2,1,0,0,0
Rail Accident Investigation Branch,1,4,0,0,0,1,0
Ramblegard Ltd,1,3,1,0,1,0,0
Ramsay Healthcare UK,1,2,1,0,1,0,0
Ranc Care Home Ltd,1,1,1,1,0,0,0
Reckitt Benckiser Healthcare UK Ltd,1,3,3,1,0,0,0
Recovery Steps Cumbria,1,1,1,1,0,0,0
Red Bay Boats Ltd,1,10,9,0,1,0,0
Rope Green Medical Centre,1,2,2,1,0,0,0
Rose Builders and Contractors Ltd,1,1,0,0,0,1,0
Roseberry Care Centres,1,1,1,1,0,0,0
Rosedale Care Home,1,1,1,1,0,0,0
Rosedale Surgery Lowestoft,1,4,3,0,1,0,0
Rosehill House Care Home,1,1,0,0,0,1,0
Roseland Care Home,1,1,0,0,0,1,0
Rosewood Healthcare Group,1,3,3,1,0,0,0
Rosewood Lodge Nursing Home,1,1,1,1,0,0,0
Rossendale Nursing Home,1,1,1,1,0,0,0
Regard Care,1,3,1,0,1,0,0
Regeneration and Environment,1,1,0,0,0,1,0
Regenesis Health Travel Limited,1,1,1,1,0,0,0
Registered Nursing Home Association,1,4,3,0,1,0,0
Reigate and Banstead Council,1,4,0,0,0,1,0
Reinbek Care Home,1,1,1,1,0,0,0
Broadgate General Practice,1,2,1,0,1,0,0
Broadlane View Care Home,1,1,1,1,0,0,0
Bromley Clinical Commissioning Group,1,2,2,1,0,0,0
Bromley Healthcare,1,4,1,0,1,0,0
Bromleys Solicitors,1,6,0,0,0,1,0
Brook Medical Centre,1,3,2,0,1,0,0
Browning Street Surgery,1,2,1,0,1,0,0
Broxtowe Borough Council,1,4,5,1,0,0,0
Brunswick Retirement Village,1,1,0,0,0,1,0
Bryntirion Surgery,1,5,0,0,0,1,0
Bucher Municipal Ltd,1,2,2,1,0,0,0
British Obesity and Metabolic Surgery Society,1,1,0,0,0,1,0
British Oxygen,1,2,1,0,1,0,0
Roche Diagnostics Limited,1,4,4,1,0,0,0
Rocky Lane Medical Centre,1,1,0,0,0,1,0
Rookery Medical Centre,1,2,0,0,0,1,0
British Ports Association,1,10,9,0,1,0,0
British Precast Concrete Federation,1,1,1,1,0,0,0
British Psychological Society,1,8,1,0,1,0,0
British Retail Consortium,1,8,8,1,0,0,0
British Skydiving,1,1,1,1,0,0,0
British Society for Dermatological Surgery,1,2,2,1,0,0,0
British Society for Haematology (BSH),1,4,0,0,0,0,1
British Society of Interventional Radiology,1,2,1,0,1,0,0
British Sub Aqua Club,1,2,2,1,0,0,0
British Cardiovascular Society,1,2,1,0,1,0,0
British Chambers of Commerce,1,20,22,1,0,0,0
Roundhouse,1,3,0,0,0,1,0
Roundwell Medical Centre,1,1,1,1,0,0,0
Royal Air Force,1,1,2,1,0,0,0
Royal Borough of Kensington and Chelsea,1,2,2,1,0,0,0
Rochcare,1,1,1,1,0,0,0
British Healthcare Trades Association,1,2,2,1,0,0,0
British Heart Foundation,1,3,2,0,1,0,0
British Horseracing Authority,1,20,22,1,0,0,0
British Industrial Truck Association,1,2,0,0,0,1,0
British Kitesurfing Association,1,1,1,1,0,0,0
British Maternal and Fetal Medicine Society,1,2,1,0,1,0,0
British Mountaineering Council,1,2,2,1,0,0,0
Bristol Ambulance Emergency Medical Services,1,4,1,0,1,0,0
Britannia Hotels Group Ltd,1,4,2,0,1,0,0
Royal College of Speech and Language Therapists,1,8,1,0,1,0,0
Royal Docks Medical Practice,1,2,1,0,1,0,0
Royal Institute of British Architects,1,2,1,0,1,0,0
Royal Life Saving Society UK,1,1,1,1,0,0,0
Royal Mail,1,6,5,0,1,0,0
Rossmere Park Care Home,1,2,1,0,1,0,0
Rother District Council,1,12,5,0,1,0,0
Salisbury NHS Foundation Trust,1,6,5,0,1,0,0
Salter Labs,1,3,3,1,0,0,0
Sapphire House,1,2,1,0,1,0,0
Royal Society of Medicine,1,5,6,1,0,0,0
Royton and Crompton Family Practice,1,4,0,0,0,1,0
Rush Court Nursing Home,1,1,1,1,0,0,0
Rush Green Medical Centre,1,1,0,0,0,1,0
Rushcliffe Care,1,3,0,0,0,1,0
S & J Transport,1,5,2,0,1,0,0
SC Johnson and Son,1,1,1,1,0,0,0
SE Galvanisers,1,2,0,0,0,1,0
SERCO Group Plc,1,3,3,1,0,0,0
British Diving Safety Group,1,3,3,1,0,0,0
British Drilling Association,1,2,2,1,0,0,0
British Gliding Association,1,2,2,1,0,0,0
British Hang Gliding and Paragliding Association,1,1,1,1,0,0,0
Scraptoft Court residential Care Home,1,1,2,1,0,0,0
Seascape Homes and Property Limited,1,1,1,1,0,0,0
Seaton and Colyton Medical Practice,1,2,2,1,0,0,0
Sedgemoor District Council,1,1,1,1,0,0,0
Select Healthcare,1,1,0,0,0,1,0
Senior Lawyer Professional Support,1,2,2,1,0,0,0
Sequence Care Group,1,4,4,1,0,0,0
SMA Medical Practice,1,2,0,0,0,1,0
SSP Health Medical Services Ltd,1,2,2,1,0,0,0
Safeguarding Adults Board,1,1,0,0,0,1,0
Safehands Ltd,1,1,0,0,0,1,0
Safety Assessment Federation,1,8,2,0,1,0,0
Safety Matters (Legal) Limited,1,4,0,0,0,1,0
Safety Matters Ltd,1,4,0,0,0,1,0
Saffronland Homes Limited,1,3,2,0,1,0,0
Saga Homecare,1,1,0,0,0,1,0
Scania,1,5,2,0,1,0,0
Britannia Jinky Jersey Ltd,1,4,2,0,1,0,0
Britannia Pharmaceutical Ltd,1,4,4,1,0,0,0
British Agricultural and Garden Machinery Association,1,6,0,0,0,1,0
British Airways,1,2,2,1,0,0,0
British Army,1,1,1,1,0,0,0
British Association of Aesthetic Plastic Surgeons,1,3,2,0,1,0,0
British Association of Dermatologists,1,6,5,0,1,0,0
British Association of Paediatric Surgeons,1,3,3,1,0,0,0
British Association of Plastic Reconstructive and Aesthetic Surgeons,1,3,2,0,1,0,0
British Association of Urological Surgeons,1,3,3,1,0,0,0
British Board of Agrément,1,1,1,1,0,0,0
Bradford District Care Foundation Trust,1,7,3,0,1,0,0
Scape Living Student Accommodation,1,1,1,1,0,0,0
Schindler Ltd,1,1,1,1,0,0,0
Scottish Cycling,1,3,1,0,1,0,0
Slough Pharmacy,1,8,7,0,1,0,0
Snap Inc,1,5,5,1,0,0,0
Snowdonia National Park Authority,1,1,1,1,0,0,0
Serco Group,1,1,0,0,0,1,0
Serco Wincanton,1,4,1,0,1,0,0
Serencroft,1,1,1,1,0,0,0
Services for Children,1,7,0,0,0,1,0
Shannon Court Care Centre,1,3,0,0,0,1,0
Shaw Healthcare,1,2,2,1,0,0,0
Shawe Lodge,1,1,1,1,0,0,0
Sheffield County Council,1,2,1,0,1,0,0
Shepherds Bush Medical Centre,1,2,0,0,0,1,0
Sheridan Teal House,1,1,0,0,0,1,0
Shimano Inc,1,2,0,0,0,1,0
Sapphire Independent Living,1,1,1,1,0,0,0
Savills,1,4,0,0,0,1,0
Brecon Beacons National Park Authority,1,5,2,0,1,0,0
Bridgewater Community Healthcare NHS Trust,1,1,1,1,0,0,0
Brighton and Hove Council,1,4,1,0,1,0,0
Brighton and Hove Health and Adult Social Care,1,4,1,0,1,0,0
Brighton and Hove Integrated Care Service,1,3,2,0,1,0,0
Brindaavan Care Home Limited,1,6,0,0,0,1,0
Brinnington Surgery,1,1,0,0,0,1,0
Brisdoc,1,2,0,0,0,1,0
Boldmere Court Care Home,1,3,1,0,1,0,0
Shropshire Council,1,2,2,1,0,0,0
Shropshire Safeguarding Community Partnership,1,2,1,0,1,0,0
Sibelco UK Ltd,1,4,0,0,0,1,0
Silver Birches Care Home,1,1,1,1,0,0,0
Sixth Form Colleges Association,1,3,2,0,1,0,0
Skills for Care,1,3,3,1,0,0,0
Skillsforcare,1,3,0,0,0,1,0
Bournemouth Churches Housing Association,1,1,1,1,0,0,0
Bow School,1,6,7,1,0,0,0
Bowden Derra Park Ltd,1,1,1,1,0,0,0
Brace Street Health Centre,1,2,1,0,1,0,0
Soilmec Limited,1,3,1,0,1,0,0
Somewhere House,1,1,0,0,0,1,0
South East Fire and Rescue,1,2,0,0,0,1,0
South Kesteven District Council,1,1,0,0,0,1,0
South London Islamic Centre,1,2,1,0,1,0,0
South Molton Health Care Centre,1,3,2,0,1,0,0
Shindig Events Limited,1,2,0,0,0,1,0
Shire Lodge Nursing Home,1,1,0,0,0,1,0
Bradford District Care NHS Foundation Trust,1,1,1,1,0,0,0
Bradford Teaching Hospitals NHS Foundation Trust,1,1,1,1,0,0,0
Brainwaves,1,5,3,0,1,0,0
Brancaster Care,1,1,1,1,0,0,0
Springcare Care Homes Ltd,1,2,0,0,0,0,1
Springfield Care Home,1,1,0,0,0,1,0
Springfield Healthcare,1,2,1,0,1,0,0
Springfield House Care Home,1,3,0,0,0,1,0
Springfield Medical Centre,1,1,1,1,0,0,0
Square Sail,1,1,0,0,0,1,0
South Wales Fire and Rescue Service,1,1,1,1,0,0,0
South Wales Trunk Road Agent,1,1,0,0,0,1,0
Southern Health NHS Foundation Trust of Tatchbury Mount,1,3,0,0,0,1,0
Social Work England,1,4,0,0,0,1,0
Society for Cardiothoracic Surgery,1,4,1,0,1,0,0
Bombardier Transportation UK Ltd,1,6,8,1,0,0,0
Borough Council of King’s Lynn and West Norfolk,1,4,0,0,0,1,0
Bounce Till I Die Events,1,1,0,0,0,1,0
Bourne House,1,1,0,0,0,1,0
Bournemouth Airport,1,2,2,1,0,0,0
St John's Nursing Home,1,2,2,1,0,0,0
St Lukes Primary Care Centre,1,1,0,0,0,1,0
St Mary’s Health Centre,1,3,2,0,1,0,0
St Mary’s Nursing Home,1,4,0,0,0,1,0
St Mungo’s,1,1,0,0,0,1,0
St Stephens Gate Medical Practice,1,1,1,1,0,0,0
Staffordshire Clinical Commissioning Group,1,1,1,1,0,0,0
Spaces and Places Limited,1,3,1,0,1,0,0
Specsavers UK,1,1,1,1,0,0,0
Spectrum Community Health,1,3,0,0,0,1,0
Sphere Risk Health and Safety Management Ltd,1,6,1,0,1,0,0
Spider Project Café 71,1,3,4,1,0,0,0
Spindles Town Square Shopping Centre,1,4,0,0,0,1,0
Spire Hospital,1,1,0,0,0,1,0
Sports Camp Tirol,1,1,1,1,0,0,0
Springbank Care Home Limited,1,1,1,1,0,0,0
Birnberg Peirce Solicitors,1,12,5,0,1,0,0
Blackpool Council,1,1,1,1,0,0,0
Blaenau Gwent County Borough Council,1,1,1,1,0,0,0
Blatchington Mill School,1,2,0,0,0,1,0
Blenheim House Care Home,1,1,1,1,0,0,0
Bloomfield Medical Centre,1,4,0,0,0,1,0
Boat Safety Scheme,1,1,1,1,0,0,0
Boatfolk Marinas Ltd,1,2,2,1,0,0,0
Bodmin Road Health Centre,1,3,3,1,0,0,0
Boehringer Ingelheim Limited,1,1,1,1,0,0,0
Belgravia Care Home Ltd,1,1,1,1,0,0,0
Belong Village,1,2,2,1,0,0,0
St Chads Medical Practice,1,4,1,0,1,0,0
St Edward’s School,1,1,0,0,0,1,0
St Giles Care Home,1,2,1,0,1,0,0
St Giles Nursing Home,1,1,1,1,0,0,0
Sunrise Medical Limited,1,1,1,1,0,0,0
Supported Independence Limited,1,3,0,0,0,1,0
Supreme Care Services Limited,1,2,2,1,0,0,0
Staffordshire Highways,1,1,0,0,0,0,1
Staffordshire Moorlands District Council,1,1,1,1,0,0,0
"Staffordshire, Shropshire and Black Country Newborn Network",1,1,1,1,0,0,0
Stamford Quarter Shopping Centre,1,1,0,0,0,1,0
Stanley Park Care Centre,1,1,1,1,0,0,0
Steadplan Ltd,1,4,1,0,1,0,0
Steps 2 Recovery,1,2,1,0,1,0,0
StockXS Limited,1,3,1,0,1,0,0
Stockport Homes,1,2,2,1,0,0,0
Stockton Care Limited,1,1,1,1,0,0,0
Stone Federation Great Britain,1,2,0,0,0,1,0
St Andrew’s Surgery Hull,1,6,6,1,0,0,0
St Armands Court Residential Care Home,1,5,0,0,0,1,0
Bendpak Inc,1,8,0,0,0,1,0
Berger Primary School,1,1,1,1,0,0,0
Berkeley Home Health,1,1,1,1,0,0,0
Berkshire and Surrey Pathology Services,1,2,1,0,1,0,0
Berrycroft Manor Care Home,1,2,1,0,1,0,0
Betfair,1,3,3,1,0,0,0
Bilbrook Medical Centre,1,3,0,0,0,1,0
Billington Farm,1,3,1,0,1,0,0
Basildon Road Surgery,1,2,1,0,1,0,0
Bateman Engineering Ltd,1,2,2,1,0,0,0
Bausch & Lomb UK Ltd,1,12,9,0,1,0,0
Stryker (UK) Ltd,1,2,0,0,0,0,1
Student Roost,1,2,2,1,0,0,0
Suffolk Safeguarding Partnership,1,2,2,1,0,0,0
Sunlight Care Group,1,4,4,1,0,0,0
Sunnyside Nursing Home,1,2,2,1,0,0,0
Beacon Healthcare,1,2,2,1,0,0,0
Beamish Museum,1,2,0,0,0,1,0
Beatson Clark,1,1,0,0,0,1,0
Beech Cliffe Grange Care Homes,1,1,1,1,0,0,0
Beech Dene Residential Home,1,3,1,0,1,0,0
Beechdale Medical Group,1,1,0,0,0,1,0
Beechwood Lodge Care Home,1,1,1,1,0,0,0
Beeston Health Centre,1,1,0,0,0,1,0
Bailey Trailers Ltd,1,1,1,1,0,0,0
Sussex Community Dermatology Service,1,2,2,1,0,0,0
Sustrans,1,1,1,1,0,0,0
Sutton and East Surrey Water Plc,1,4,0,0,0,1,0
Swanage Medical Practice,1,1,1,1,0,0,0
Stonefield Street Surgery,1,1,1,1,0,0,0
Stoneham Bass,1,1,1,1,0,0,0
Stretton Medical Centre,1,1,0,0,0,1,0
The Association of Pallet Networks,1,4,0,0,0,1,0
The Avenues Trust Group,1,1,0,0,0,1,0
The Beaufort Road Surgery,1,1,1,1,0,0,0
The Bexley Medical Group,1,1,1,1,0,0,0
The Black Country Family Practice,1,1,0,0,0,1,0
Swinhoe Farm,1,2,2,1,0,0,0
Swiss Cottage Special School,1,1,1,1,0,0,0
Sydenham Green Group General Practice,1,4,3,0,1,0,0
TLC Nursing and Care,1,1,1,1,0,0,0
TPP Group Limited,1,4,4,1,0,0,0
TUI Group,1,1,0,0,0,1,0
Tadworth Grove Care Home,1,1,0,0,0,1,0
Taunton Couthy Hall,1,3,0,0,0,1,0
Tavistock and Portman NHS Foundation Trust,1,3,3,1,0,0,0
Surrey Community Health,1,2,1,0,1,0,0
Baycroft Care Homes,1,1,0,0,0,1,0
The Children’s Guardian,1,7,0,0,0,1,0
The Church Inn Robinsons Brewery,1,1,0,0,0,1,0
The City of Westminster,1,4,1,0,1,0,0
The Clatterbridge Cancer Centre NHS Foundation Trust,1,1,1,1,0,0,0
The Cotswold Hunt,1,2,1,0,1,0,0
The Council of Hunting,1,2,1,0,1,0,0
The County Surveyor,1,3,0,0,0,1,0
Telecare Services Association,1,6,6,1,0,0,0
Telford and Wrekin Council,1,4,3,0,1,0,0
Templemore Care Home,1,2,0,0,0,1,0
Tendring District Council,1,1,0,0,0,1,0
Terex Global Gmbh,1,1,1,1,0,0,0
Tettenhall Medical Practice,1,1,1,1,0,0,0
Thames Water,1,3,3,1,0,0,0
The 700 Club,1,1,1,1,0,0,0
The Alexandra Court Care Home,1,1,1,1,0,0,0
The British Orthopaedic Association,1,2,0,0,0,0,1
Bamford Grange Nursing Home,1,1,0,0,0,1,0
Bampton Surgery,1,1,1,1,0,0,0
Banes Clinical Commissioning Group,1,2,1,0,1,0,0
Banes Highways,1,3,0,0,0,1,0
Banes Park and Services,1,3,0,0,0,1,0
Bannatyne Group,1,1,1,1,0,0,0
Barnet Assist,1,2,3,1,0,0,0
Barnet Council,1,1,1,1,0,0,0
Baron’s Park Nursing Home,1,1,1,1,0,0,0
Avon Care Home Limited,1,1,1,1,0,0,0
The British Retail Consortium,1,12,5,0,1,0,0
The British Thoracic Society,1,4,4,1,0,0,0
The Caravan Club,1,3,2,0,1,0,0
The Chartered Society of Forensic Scientists,1,12,5,0,1,0,0
The Chief Executive of the Energy and Utilities Skills,1,2,1,0,1,0,0
The Crossings Hostel Hull,1,1,0,0,0,1,0
The Difficult Airway Society,1,4,3,0,1,0,0
The Dog Legislation Office,1,2,1,0,1,0,0
The Droylsden Road Family GP Practice,1,2,2,1,0,0,0
The Enterprise Practice,1,4,3,0,1,0,0
The European Automobile Manufacturers’ Association,1,8,0,0,0,1,0
The Evergreen Surgery,1,4,2,0,1,0,0
The Freight Transport Association Ltd,1,4,1,0,1,0,0
The Glass and Glazing Federation,1,1,0,0,0,1,0
The Grange Care Centre,1,1,1,1,0,0,0
The Grove Medical Centre,1,3,2,0,1,0,0
The Heathers Nursing Home,1,1,1,1,0,0,0
The Hub,1,2,1,0,1,0,0
The Institution of Fire Engineers,1,12,5,0,1,0,0
The Borchardt Medical Centre,1,2,1,0,1,0,0
The British Army,1,2,1,0,1,0,0
The Quality Care Commission,1,4,3,0,1,0,0
The RAC Motorsports Association,1,1,1,1,0,0,0
The Range UK,1,1,1,1,0,0,0
The Intensive Care Society,1,1,0,0,0,1,0
The Italian Embassy,1,1,0,0,0,1,0
The Ivy Grove Surgery,1,2,0,0,0,1,0
The Jackloc Company Ltd,1,3,2,0,1,0,0
The Lawn Medical,1,3,0,0,0,1,0
The Lawson Practice,1,2,1,0,1,0,0
The Limehouse Practice,1,1,2,1,0,0,0
The Limes Care Home,1,1,1,1,0,0,0
The Limes Sheltered Housing,1,2,2,1,0,0,0
The Manor Residential and Nursing Care Home,1,1,1,1,0,0,0
The Moat Surgery,1,1,1,1,0,0,0
The Motor Ombudsman,1,3,0,0,1,0,0
The North Shore Surgery,1,2,1,0,1,0,0
Ayurvedic Professionals Association,1,4,3,0,1,0,0
B & D Civil Engineering Limited,1,2,2,1,0,0,0
BARDOC,1,2,0,0,0,0,1
BMJ Group,1,3,3,1,0,0,0
BOC Limited,1,1,1,1,0,0,0
BSI Group,1,4,0,0,0,1,0
BUPA UK Provision,1,2,0,0,0,1,0
Backhouse Jones,1,4,1,0,1,0,0
Association of Coloproctology of Great Britain and Ireland,1,5,4,0,1,0,0
Association of Conservative Clubs,1,1,0,0,0,1,0
The Peak District National Park Authority,1,1,1,1,0,0,0
The Peligoni Club,1,1,0,0,0,1,0
The Pembroke Medical Practice,1,4,0,0,0,0,1
The Petroleum Enforcement Liaison Group,1,4,0,0,0,0,1
The Pipeline Industries Guild,1,2,2,1,0,0,0
The Professional Association of Diving Instructors,1,1,1,1,0,0,0
Together Housing,1,3,1,0,1,0,0
Tonic Construction Ltd,1,2,1,0,1,0,0
The Red House (Ashtead) Limited,1,3,3,1,0,0,0
The Right Honourable Jeremy Hunt MP,1,3,0,0,0,1,0
The Right Honourable Theresa May MP,1,1,0,0,0,1,0
The Roundwood Medical Centre,1,4,2,0,1,0,0
The Salvation Army,1,2,1,0,1,0,0
The Samaritans,1,2,1,0,1,0,0
The Secret Intelligence Service,1,9,5,0,1,0,0
The Showmen’s Guild of Great Britain,1,3,2,0,1,0,0
The Stockton Public House,1,1,0,0,0,1,0
The Student Health Service,1,4,3,0,1,0,0
The Surgery Chesterton,1,1,0,0,0,1,0
The Oaks and Woodcroft Care Home,1,1,1,1,0,0,0
The Park Surgery Heanor,1,1,1,1,0,0,0
Axminster Medical Practice,1,2,2,1,0,0,0
Transitional Rehabilitation Unit LTD,1,1,1,1,0,0,0
Transport Focus,1,6,8,1,0,0,0
Transport for West Midlands,1,3,1,0,1,0,0
The Timber Packaging and Pallet Confederation,1,4,0,0,0,1,0
The Unite Group plc,1,1,0,0,0,0,1
The Village Medical Centre,1,1,0,0,0,1,0
The Wallich Centre,1,1,1,1,0,0,0
The Waterfield Practice,1,2,0,0,0,1,0
The Yacht Harbour Association,1,1,0,0,0,1,0
Thomas Cook,1,1,1,1,0,0,0
Thomas Cook Group,1,7,0,0,0,1,0
Thornton Heath Medical Practice,1,4,0,0,0,1,0
Thornton and Ross Ltd,1,9,5,0,1,0,0
Three Sisters Care Ltd,1,3,2,0,1,0,0
Timperley Care Home,1,2,1,0,1,0,0
Titan Containers Limited,1,3,1,0,1,0,0
Trent and Dove Social Housing,1,6,3,0,1,0,0
Tricuro,1,1,1,1,0,0,0
Trinity Medical Centre,1,4,0,0,0,1,0
Tunstall Response,1,1,1,1,0,0,0
Twinglobe Care Homes Limited,1,1,1,1,0,0,0
Twitter International Company,1,5,5,1,0,0,0
Tyersal Farm,1,1,1,1,0,0,0
Tynant Nursing Home,1,1,1,1,0,0,0
Tyne Housing Association,1,1,0,0,0,1,0
UCB Pharma,1,2,0,0,0,1,0
Totally PLC,1,1,2,1,0,0,0
Tower Bridge Care Home,1,3,3,1,0,0,0
Tower Hamlets Social Services,1,1,1,1,0,0,0
Toxbase,1,1,1,1,0,0,0
Tradomi S L Transporte,1,1,0,0,0,1,0
Trafford Crisis Resolution and Home Treatment Team,1,2,0,0,0,1,0
Treasury Solicitors,1,4,0,0,0,1,0
Association of Independent Gas Transporters,1,4,0,0,0,1,0
Association of Independent Tour Operators,1,5,1,0,1,0,0
Association of Lorry Loader Manufacturers and Importers,1,1,1,1,0,0,0
Association of Train Operating Companies,1,2,1,0,1,0,0
Aston University,1,6,1,0,1,0,0
Athena Care Homes (UK) Limited,1,2,0,0,0,1,0
Atlantic Reach Limited,1,1,1,1,0,0,0
Atrumed Ltd,1,2,2,1,0,0,0
Audlem Medical Practice,1,1,1,1,0,0,0
Auto Cycle Union,1,2,1,0,1,0,0
Avenue House Nursing and Care Home,1,4,1,0,1,0,0
Arboricultural Association,1,3,3,1,0,0,0
Arden Court Nursing Home,1,1,1,1,0,0,0
ArjoHuntleigh,1,9,5,0,1,0,0
Treatment Direct Limited,1,2,1,0,1,0,0
UK Active,1,2,0,0,0,1,0
UK Athletics,1,20,22,1,0,0,0
UK Cleaning Product Industry Association,1,4,4,1,0,0,0
UK Fatal Anaphylaxis Registry,1,3,2,0,1,0,0
UK Foundation Programme,1,6,1,0,1,0,0
UK Major Ports Group,1,10,9,0,1,0,0
UK National Screening Committee,1,4,2,0,1,0,0
UK Power Networks Holdings Ltd,1,3,0,0,0,1,0
UK Sport,1,20,22,1,0,0,0
UK Telehealthcare,1,6,6,1,0,0,0
UK Tram,1,6,8,1,0,0,0
UK-AFI,1,12,5,0,1,0,0
UKHospitality,1,8,8,1,0,0,0
UNMH,1,2,2,1,0,0,0
Travel Lodge,1,1,1,1,0,0,0
Treanor Pujol Limited,1,1,0,0,0,1,0
Ashford Borough Council,1,2,0,0,0,1,0
Ashgate House Nursing Home,1,2,0,0,0,1,0
Ashlea Medical Practice,1,1,1,1,0,0,0
Associated British Ports,1,10,9,0,1,0,0
Association for Petroleum and Explosives Administration,1,4,0,0,0,0,1
Alvaston Medical Centre,1,1,1,1,0,0,0
Ambassador House Care Home,1,1,1,1,0,0,0
Unilink Software Ltd,1,5,0,0,0,1,0
United Care (North) Limited,1,2,0,0,0,1,0
United Children’s Services,1,1,1,1,0,0,0
United Kingdom Harbour Masters' Association,1,10,9,0,1,0,0
United Pharmacy,1,2,1,0,1,0,0
United Response,1,1,0,0,0,1,0
Unity Insurance Services,1,9,7,0,1,0,0
Unity MAT,1,2,0,0,0,1,0
Universities UK,1,2,2,1,0,0,0
University of Wolverhampton,1,5,5,1,0,0,0
University of the Arts London,1,2,2,1,0,0,0
Unusual Rigging Ltd,1,2,0,0,0,1,0
Uplands Medical Practice,1,3,3,1,0,0,0
Upwell Street Surgery,1,4,0,0,0,1,0
Urban Housing Services,1,3,3,1,0,0,0
Urgent Health UK,1,4,2,0,1,0,0
Vale of Glamorgan Council,1,1,1,1,0,0,0
University of Arts London,1,2,0,0,0,0,1
University of Cambridge,1,10,9,0,1,0,0
University of Hertfordshire,1,1,3,1,0,0,0
UPS,1,2,2,1,0,0,0
URBN UK Ltd,1,1,1,1,0,0,0
Ultra Events Ltd,1,2,3,1,0,0,0
Arts University Bournemouth,1,3,0,0,0,0,1
Ashfield Surgery Sutton Coldfield,1,4,4,1,0,0,0
Victoria Residential Home,1,1,0,0,0,0,1
Villa Adastra Care Home,1,2,1,0,1,0,0
Village Nursing and Care Home,1,1,0,0,0,1,0
Virgin Care Limited,1,3,3,1,0,0,0
Volvo Car Corporation,1,8,0,0,0,1,0
Volvo Group UK Limited,1,1,1,1,0,0,0
Voyage Care,1,1,0,0,0,1,0
W E Rawson Ltd,1,1,1,1,0,0,0
W M Morrisons PLC,1,1,1,1,0,0,0
University of Manchester,1,2,1,0,1,0,0
University of Oxford,1,1,1,1,0,0,0
University of Reading,1,2,2,1,0,0,0
University of South Wales,1,1,1,1,0,0,0
University of Southampton,1,1,0,0,0,1,0
University of Sussex,1,1,1,1,0,0,0
University of Warwick,1,2,2,1,0,0,0
Various,1,1,3,1,0,0,0
Vascular Access Society of Britain and Ireland,1,5,2,0,1,0,0
Amberley Hall Care Home,1,2,0,0,0,1,0
Amgen,1,3,0,0,0,1,0
Amphenol Thermometrics UK Ltd,1,1,0,0,0,1,0
Anastasia Boat,1,2,2,1,0,0,0
Anetic Aid Limited,1,3,3,1,0,0,0
Angel Solutions UK Limited,1,1,0,0,0,1,0
Anglian Community Enterprise,1,1,0,0,0,1,0
Antron Manor Care Home,1,1,1,1,0,0,0
Appleton Lodge Care Home,1,1,0,0,0,1,0
Aran Court Care Centre,1,5,5,1,0,0,0
Advocacy Together,1,4,0,0,0,1,0
Affinity Healthcare Ltd,1,6,1,0,1,0,0
Agrade Community Care Services,1,1,0,0,0,1,0
Viatris UK Healthcare Ltd,1,4,4,1,0,0,0
Wellsky,1,3,1,0,1,0,0
Wessex Water Services Limited,1,2,2,1,0,0,0
West Berkshire Council,1,1,1,1,0,0,0
West End Garage,1,8,2,0,1,0,0
West London Alliance,1,5,0,0,0,1,0
Wales and West Utilities,1,4,0,0,0,1,0
Wanstead Place Surgery,1,1,0,0,0,1,0
Ward Bros (Malton) Ltd,1,1,0,0,0,0,1
Warrington and Halton Hospitals NHS Foundation Trust,1,1,1,1,0,0,0
Warwickshire City Council,1,1,0,0,0,1,0
Waterside Medical Centre,1,2,2,1,0,0,0
Waveney River Centre,1,1,1,1,0,0,0
Waxham House Residential Care Home,1,3,0,0,0,1,0
Wayland Farms Limited,1,1,1,1,0,0,0
Wayne Clarey Roofing & Cladding Ltd,1,2,2,1,0,0,0
Vantage Drilling Company,1,2,1,0,1,0,0
Agricultural Engineers Association,1,6,0,0,0,1,0
Air Balloon Surgery,1,2,1,0,1,0,0
Air Liquide,1,4,1,0,1,0,0
Al Hijrah School,1,4,2,0,1,0,0
Alexander Court Care Central,1,1,1,1,0,0,0
Alexander House Health Centre,1,1,0,1,0,0,0
Alexandra Palace,1,3,3,1,0,0,0
Alexandra Rose Care Home,1,1,1,1,0,0,0
Alexandra View Care Home,1,1,1,1,0,0,0
All-Party Parliamentary Carbon Monoxide Group,1,9,0,0,0,1,0
Alliance Pharmaceuticals,1,7,3,0,1,0,0
Alternative Futures Group,1,4,0,0,0,1,0
Academy of Medical Royal Colleges,1,10,1,0,1,0,0
Acis Housing,1,1,1,1,0,0,0
Acorn Lodge Care Home,1,1,0,0,0,1,0
Wells Road Surgery,1,1,1,1,0,0,0
William Perkin High School,1,8,2,0,1,0,0
Wilsden Medical Practice,1,1,1,1,0,0,0
Winchmore Hill Practice,1,12,9,0,1,0,0
Windmill House Care Home,1,1,1,1,0,0,0
Wirral University Teaching Hospital,1,3,2,0,1,0,0
West Midlands Combined Authority,1,3,3,1,0,0,0
West Midlands Fire Service,1,3,1,0,1,0,0
West Quay Surgery,1,2,2,1,0,0,0
West Timperley Medical Centre,1,1,1,1,0,0,0
West of England Combined Authority,1,3,2,0,1,0,0
Westlands Care Home,1,1,1,1,0,0,0
Westmorland Court Care Home,1,3,3,1,0,0,0
Westmorland and Furness Council,1,1,1,1,0,0,0
Westwood Homecare Limited,1,1,0,0,0,1,0
We Are With You charity,1,4,3,0,1,0,0
Wells Pharmacy,1,3,2,0,1,0,0
APEX Nursing Agency,1,7,3,0,1,0,0
Yeovil District Hospital,1,5,1,0,1,0,0
Ynys Mon County Council,1,1,1,1,0,0,0
Woodlands Surgery,1,6,4,0,1,0,0
Woodley Centre Surgery,1,1,1,1,0,0,0
Woolwich Station Medical Centre,1,2,1,0,1,0,0
Worcestershire Safeguarding Children’s Board,1,1,1,1,0,0,0
Workforce and Corporate Business,1,2,1,0,1,0,0
Worthing Homes,1,3,0,0,0,1,0
Wrightington Wigan,1,5,3,0,1,0,0
Wychall Lane Surgery,1,3,3,1,0,0,0
999-112 Liaison Committee,1,3,1,0,1,0,0
White Branch Live Limited,1,3,0,0,0,1,0
Whitefriars Housing,1,1,1,1,0,0,0
Whitelock Development,1,4,4,1,0,0,0
Adams Pharmacy,1,1,0,0,0,1,0
Fresh Student Living,1,2,0,0,0,0,1
Friendship Care and Housing Limited,1,1,0,0,0,1,0
York House Surgery,1,4,1,0,1,0,0
York Road Pharmacy,1,2,2,1,0,0,0
Yorkshire Care Equipment,1,3,1,0,1,0,0
Yorkshire Dales National Park,1,2,0,0,0,1,0
Youngman,1,3,0,0,0,1,0
Your Health Limited,1,1,1,1,0,0,0
Your Housing,1,1,0,0,0,1,0
Zelltec Limited,1,1,0,0,0,1,0
Woking Borough Council,1,3,1,0,1,0,0
Wood Street Medical Centre,1,3,3,1,0,0,0
ADAPT,1,2,1,0,1,0,0
ADL PLC,1,2,1,0,1,0,0
AGCO Ltd,1,1,0,0,0,1,0
AGD Equipment Limited,1,2,1,0,1,0,0
