Addressed to,2013.0,2014.0,2015.0,2016.0,2017.0,2018.0,2019.0,2020.0,2021.0,2022.0,2023.0,2024.0,Total no. PFDs
Department of Health and Social Care,16,4,13,46,31,50,48,46,62,77,98,60,551
Care Quality Commission,9,1,3,15,20,11,10,10,18,10,12,11,130
Health and Safety Executive,4,0,2,3,5,4,7,1,4,3,9,2,44
NHS England,4,3,8,34,25,34,46,27,41,48,88,56,414
Home Office,3,0,2,5,4,4,12,8,12,11,12,5,78
Stockport NHS Foundation Trust,3,0,1,7,4,3,2,1,2,1,1,0,25
"Tees, Esk and Wear Valley NHS Foundation Trust",3,0,0,2,2,0,0,1,1,2,5,0,16
"Barking, Havering and Redbridge University Hospitals NHS Trust",2,0,1,0,3,0,1,2,3,3,7,1,23
Camden and Islington NHS Foundation Trust,2,1,2,1,4,1,1,1,1,1,1,1,17
Cumbria County Council,2,0,0,2,2,0,2,1,0,2,0,0,11
Dorset Healthcare University NHS Foundation Trust,2,0,0,0,2,2,0,0,0,2,1,0,9
Greater London Authority,2,0,0,1,0,0,0,0,3,1,0,0,7
HM Prison and Probation Service,2,0,8,12,12,10,24,5,7,6,17,10,113
London Ambulance Service NHS Trust,2,0,2,2,2,2,4,3,3,0,1,0,21
Metropolitan Police Service,2,0,2,5,3,6,6,5,5,7,6,1,48
NHS Lincolnshire Integrated Care Board,2,0,1,0,0,0,0,1,0,0,0,1,5
Northern Care Alliance NHS Foundation Trust,2,0,0,0,5,2,4,0,3,0,1,0,17
Ofgem,2,0,0,0,0,0,0,0,0,0,0,0,2
Pennine Care NHS Foundation Trust,2,0,2,6,7,8,8,5,1,2,5,1,47
Royal College of General Practitioners,2,0,0,1,2,0,1,1,4,2,2,2,17
South Central Ambulance Service NHS Foundation Trust,2,0,0,1,4,1,4,1,0,2,0,0,15
Sussex Partnership NHS Foundation Trust,2,0,1,2,6,2,2,3,6,1,5,1,31
United Lincolnshire Hospitals NHS Trust,2,1,0,1,3,1,1,1,1,1,1,0,13
University Hospital Southampton NHS Foundation Trust,2,0,0,1,1,0,0,1,0,1,0,0,6
University Hospitals Plymouth NHS Trust,2,0,4,3,0,4,9,1,1,1,1,0,26
Welsh Ambulance Services NHS Trust,2,0,1,5,4,7,6,2,0,6,9,3,45
Abbeydale Residential Home,1,0,0,0,0,0,0,0,0,0,0,0,1
All-Party Parliamentary Carbon Monoxide Group,1,0,0,0,0,0,0,0,0,0,0,0,1
Ashley Gardens Care Home,1,0,0,0,0,0,0,0,0,1,0,0,2
Association of British Insurers,1,0,0,0,0,0,0,0,0,0,0,0,1
Avon and Somerset Constabulary,1,0,0,0,1,0,0,1,1,0,0,0,4
Avon and Wiltshire Mental Health Partnership NHS Trust,1,0,2,4,2,1,3,0,1,1,0,0,15
Beamish Museum,1,0,0,0,0,0,0,0,0,0,0,0,1
Beeston Health Centre,1,0,0,0,0,0,0,0,0,0,0,0,1
Betsi Cadwaladr University Health Board,1,0,5,3,6,2,1,1,4,4,21,7,55
Birmingham Women's and Children's NHS Foundation Trust,1,0,1,0,1,2,1,0,0,1,0,0,7
Blackpool Teaching Hospitals NHS Foundation Trust,1,1,1,3,1,2,4,2,1,1,1,1,19
Bolton NHS Foundation Trust,1,0,2,2,2,1,0,2,1,0,0,0,11
Bradford Council,1,0,0,1,0,0,0,0,0,0,1,0,3
British Board of Agrément,1,0,0,0,0,0,0,0,0,0,0,0,1
British Cardiovascular Society,1,0,0,0,0,0,0,0,0,0,0,0,1
Bromley Council,1,0,0,0,0,0,0,0,0,0,0,0,1
Bromley Healthcare,1,0,0,0,0,0,0,0,0,0,0,0,1
Bromleys Solicitors,1,0,0,0,0,0,0,0,0,0,0,0,1
Cambridgeshire and Peterborough NHS Foundation Trust,1,0,0,2,0,0,0,0,0,1,0,0,4
Carmarthenshire County Council,1,0,0,0,0,0,0,0,0,0,0,0,1
Carrington Doors,1,0,0,0,0,0,0,0,0,0,0,0,1
Castlefields Health Centre,1,0,0,0,0,0,0,0,0,0,0,0,1
Cator Medical Centre,1,0,0,0,0,0,0,0,0,0,0,0,1
Chief Fire Officers Association,1,0,0,2,4,0,0,0,0,0,0,0,7
Cleveland Police,1,0,0,0,0,0,0,0,0,0,0,0,1
Clinical Commissioning Group,1,0,0,1,1,0,1,1,1,0,0,0,6
Commercial Health and Safety Regulator,1,0,0,0,0,0,0,0,0,0,0,0,1
Consultant Physician and Gastroenterologists,1,0,0,0,0,0,0,0,0,0,0,0,1
Consumer Relations and Legal Affairs,1,0,0,0,0,0,0,0,0,0,0,0,1
Coombe Dingle Nursing Home,1,0,0,0,0,0,0,0,0,0,0,0,1
Cruise and Maritime Services International Limited,1,0,0,0,0,0,0,0,0,0,0,0,1
DVLA Longview Road,1,0,0,0,0,0,0,0,0,0,0,0,1
David Bowe,1,0,0,0,0,0,0,0,0,0,0,0,1
Department for Education,1,1,0,4,1,3,8,1,6,3,5,4,37
Department for Information Management,1,0,0,0,0,0,0,0,0,0,0,0,1
"Department for Levelling Up, Housing and Communities",1,0,1,1,2,1,3,3,3,2,3,5,25
Department for Transport,1,1,1,12,9,4,6,8,7,6,11,6,72
Department of Energy and Climate Change,1,0,0,0,0,0,0,0,0,0,0,0,1
Derbyshire Constabulary,1,0,0,0,0,0,0,0,0,0,1,1,3
Devon County Council,1,0,0,1,0,1,0,0,2,0,1,0,6
Direct Line Group Ltd Insurance,1,0,0,0,0,0,0,0,0,0,0,0,1
Durham Constabulary,1,0,0,0,0,0,0,0,0,0,0,0,1
East Cheshire NHS Trust,1,0,0,0,0,0,0,0,0,0,0,0,1
Energy UK,1,0,0,0,0,0,0,0,0,0,0,1,2
Epsom and St Helier University Hospitals NHS Trust,1,0,0,1,0,2,0,0,0,0,0,1,5
European Care Group,1,0,0,0,0,0,0,0,0,0,0,0,1
Fairlight Nursing Home,1,0,0,0,0,0,0,0,0,0,0,0,1
Fell Runners Association,1,0,0,0,0,0,0,0,0,0,0,0,1
Fentons Solicitors,1,0,0,0,0,0,0,0,0,0,0,0,1
Floron Residential Home,1,0,0,0,0,0,0,0,0,0,0,0,1
Frimley Health NHS Foundation Trust,1,0,0,1,0,0,0,0,1,1,1,2,7
GS Halls Limited,1,0,0,0,0,0,0,0,0,0,0,0,1
General Medical Council,1,0,3,1,1,3,1,3,6,2,4,0,25
Gloucestershire Social Services,1,0,0,0,0,0,0,0,0,0,0,0,1
Greater Manchester Fire and Rescue Service,1,0,0,1,0,0,0,0,0,0,0,0,2
Guy's and St Thomas' NHS Foundation Trust,1,0,2,0,1,0,2,1,0,0,0,0,7
HM Prison Bristol,1,0,0,0,0,0,0,0,0,0,0,0,1
HM Prison Forest Bank,1,0,0,0,0,0,0,0,0,0,0,0,1
HM Prison Hewell,1,0,1,0,0,0,2,0,1,0,0,0,5
HM Prison Winchester,1,0,0,1,0,0,1,0,0,0,0,0,3
Harmoni,1,0,0,0,0,0,0,0,0,0,0,0,1
Health and Safety Manager,1,0,0,0,0,0,0,0,0,0,0,0,1
Herefordshire and Worcestershire Health and Care NHS Trust,1,0,2,3,0,1,1,1,0,3,2,2,16
Herries Lodge Care Home,1,0,0,0,0,0,0,0,0,0,0,0,1
House of Commons,1,0,0,0,0,0,0,0,0,0,0,0,1
Improving Access to Psychological Therapies,1,0,0,0,0,0,0,0,0,0,0,0,1
Inspector of Hospitals,1,0,0,0,0,0,0,0,0,0,0,0,1
Jesta Capital Corporation,1,0,0,0,0,0,0,0,0,0,0,0,1
Jurys Inn,1,0,0,0,0,0,0,0,0,0,0,0,1
Kennedy Wilson Europe,1,0,0,0,0,0,0,0,0,0,0,0,1
Kent Police,1,0,0,0,0,0,0,0,1,0,0,0,2
Kent and Medway NHS and Social Care Partnership Trust,1,0,1,1,2,1,1,0,3,3,1,1,15
King’s College Hospital NHS Foundation Trust,1,0,1,1,3,0,1,0,1,3,0,0,11
LAS Legal Services,1,0,0,0,0,0,0,0,0,0,0,0,1
Leicestershire Partnership NHS Trust,1,0,1,3,1,1,0,0,0,0,1,2,10
Lewisham and Greenwich NHS Trust,1,0,1,0,1,2,5,3,3,1,2,1,20
Liverpool University Hospitals NHS Foundation Trust,1,0,0,0,0,0,0,0,0,0,0,0,1
Liverpool Womens Hospital NHS Foundation Trust,1,0,0,0,0,0,0,0,0,0,0,0,1
London Borough of Harrow,1,0,0,0,0,0,0,0,0,0,0,0,1
Manchester Medical Service,1,0,0,0,0,0,0,0,0,0,0,0,1
Mayfield Care Home,1,0,0,0,0,0,0,0,0,0,0,0,1
Mental Health Trust,1,0,0,0,0,0,0,0,0,0,0,0,1
Mersey Care NHS Foundation Trust,1,0,0,0,1,0,0,0,0,1,0,0,3
Ministry of Defence,1,1,4,0,1,2,3,1,2,1,3,2,21
Ministry of Justice,1,0,2,9,1,8,12,0,14,10,11,11,79
Moundsley Hall Nursing Home,1,0,0,0,0,0,0,0,0,0,0,0,1
NHS Greater Manchester Integrated Care Board,1,1,3,2,7,5,15,13,20,11,10,9,97
NHS Nottingham and Nottinghamshire Integrated Care Board,1,0,1,0,2,0,0,2,2,0,0,0,8
NHS South East London Integrated Care Board,1,0,0,1,0,0,1,0,0,0,0,0,3
National Crime Agency,1,0,0,0,0,0,0,0,0,0,0,1,2
National Grid,1,0,0,0,0,0,0,0,0,0,0,0,1
National Highways,1,0,6,4,7,1,9,4,4,8,7,2,53
National Institute for Health and Care Excellence,1,0,5,4,3,1,9,7,10,5,17,7,69
Newmarket Promotions Limited,1,0,0,0,0,0,0,0,0,0,0,0,1
Norfolk and Suffolk NHS Foundation Trust,1,0,1,0,4,2,7,1,3,5,0,4,28
North Cumbria Integrated Care NHS Foundation Trust,1,0,0,0,2,1,1,1,0,2,1,2,11
North Middlesex University Hospital NHS Trust,1,0,0,2,0,0,1,0,0,0,0,0,4
North West Ambulance Service NHS Trust,1,0,1,2,2,1,3,1,1,1,2,1,16
Nottingham University Hospitals NHS Trust,1,0,0,1,2,3,2,1,3,2,1,0,16
Npower,1,0,0,0,0,0,0,0,0,0,0,0,1
Nuffield Road Medical Centre,1,0,0,0,0,0,0,0,0,0,0,0,1
"Offender safety, Rights and Responsibilities Group",1,0,0,0,0,0,0,0,0,0,0,0,1
Over Manager,1,0,0,0,0,0,0,0,0,0,0,0,1
Pembrokeshire County Council,1,0,1,0,0,0,0,0,0,0,0,0,2
Practice Plus Group,1,0,1,6,6,1,3,1,2,3,4,1,29
Prison Service,1,0,0,0,0,0,0,0,0,0,0,0,1
Public Services,1,0,0,0,0,0,0,0,0,0,0,0,1
REDACTED,1,0,0,0,2,1,2,1,0,3,5,7,22
Rail Safety and Standards Board,1,0,0,1,1,0,0,0,1,0,0,0,4
Redningsselskapet,1,0,0,0,0,0,0,0,0,0,0,0,1
Regeneration and Environment,1,0,0,0,0,0,0,0,0,0,0,0,1
Registered Nursing Home Association,1,0,0,0,0,0,0,0,0,0,0,0,1
Royal College of Nursing,1,0,0,0,0,0,1,2,0,1,0,1,6
Royal Cornwall Hospitals NHS Trust,1,0,0,1,0,0,0,1,0,0,4,1,8
Safeguarding Adults Board,1,0,0,0,0,0,0,0,0,0,0,0,1
Saga Homecare,1,0,0,0,0,0,0,0,0,0,0,0,1
Sainsbury's,1,0,1,1,0,0,0,0,0,0,1,0,4
Scraptoft Court residential Care Home,1,0,0,0,0,0,0,0,0,0,0,0,1
Serco Group,1,0,0,0,0,0,0,0,0,0,0,0,1
Somerset County Council,1,0,0,1,1,0,0,0,0,0,0,0,3
Somewhere House,1,0,0,0,0,0,0,0,0,0,0,0,1
South East Fire and Rescue,1,0,0,0,0,0,0,0,0,0,0,0,1
South London and Maudsley NHS Foundation Trust,1,1,0,2,2,3,0,2,0,0,0,2,13
St Stephens Gate Medical Practice,1,0,0,0,0,0,0,0,0,0,0,0,1
Stafford Hospital,1,0,0,0,0,0,0,0,0,0,0,0,1
Swansea Bay University Health Board,1,0,0,3,3,0,5,0,1,1,2,4,20
Taunton Couthy Hall,1,0,0,0,0,0,0,0,0,0,0,0,1
The County Surveyor,1,0,0,0,0,0,0,0,0,0,0,0,1
The Grove Medical Centre,1,0,0,0,0,0,0,0,0,0,0,0,1
The Manor Residential and Nursing Care Home,1,0,0,0,0,0,0,0,0,0,0,0,1
The Monkstone House Care Home,1,0,0,0,0,0,0,0,0,0,0,0,1
The Peak District National Park Authority,1,0,0,0,0,0,0,0,0,0,0,0,1
The Practice,1,0,0,0,0,0,0,0,0,0,0,0,1
The Spindles Town Square Shopping Centre,1,0,0,0,0,0,0,0,0,0,0,0,1
Traffic process Office,1,0,0,0,0,0,0,0,0,0,0,0,1
Trafford Council,1,0,2,2,0,2,0,2,0,0,0,0,9
Trafford Crisis Resolution and Home Treatment Team,1,0,0,0,0,0,0,0,0,0,0,0,1
Transport for London,1,0,0,2,5,2,2,3,1,2,0,0,18
University Hospitals Birmingham NHS Foundation Trust,1,0,1,2,2,1,0,1,1,0,3,5,17
University Hospitals Coventry and Warwickshire NHS Trust,1,0,0,1,0,1,1,0,0,0,0,0,4
University Hospitals Sussex NHS Foundation Trust,1,0,1,11,6,6,6,1,4,2,3,1,42
VOSA Berkeley House,1,0,0,0,0,0,0,0,0,0,0,0,1
Warwickshire County Council,1,0,0,1,1,5,0,0,0,0,1,0,9
Whittington Health NHS Trust,1,1,2,0,2,1,1,0,1,1,0,0,10
Worcestershire Acute Hospitals NHS Trust,1,0,1,1,3,2,5,0,1,1,2,3,20
University College London Hospitals NHS Foundation Trust,0,4,0,0,2,0,0,1,0,0,2,0,9
Medicines and Healthcare Products Regulatory Agency,0,2,0,6,4,5,6,5,3,3,6,3,43
"Barnet, Enfield and Haringey Mental Health NHS Trust",0,1,1,0,1,0,0,0,0,0,2,0,5
Barts Health NHS Trust,0,1,2,6,5,7,9,8,3,7,10,2,60
Black Country Healthcare NHS Foundation Trust,0,1,0,2,2,2,3,0,0,0,0,1,11
British National Formulary,0,1,0,0,0,1,0,0,0,0,1,1,4
British Society of Gastroenterology,0,1,0,0,0,1,0,0,1,0,0,1,4
Chalfont Road Surgery,0,1,0,0,0,0,0,0,0,0,0,0,1
Chartered Institute of Environmental Health,0,1,0,0,0,0,0,0,0,0,0,0,1
East London NHS Foundation Trust,0,1,0,3,10,1,2,1,1,6,5,1,31
Food Standards Agency,0,1,0,0,1,1,1,1,0,1,1,1,8
Greater Manchester Combined Authority,0,1,0,0,0,0,3,0,0,0,0,0,4
Greater Manchester Mental Health NHS Foundation Trust,0,1,1,3,2,3,7,3,6,5,3,0,34
Greater Manchester Police,0,1,2,4,0,1,5,2,4,3,2,3,27
HC One,0,1,1,0,0,3,3,0,0,0,0,0,8
Heath Hospital,0,1,0,0,0,0,0,0,0,0,0,0,1
Institution of Occupational Safety and Health,0,1,0,0,0,0,0,0,0,0,0,0,1
Leeds Teaching Hospitals NHS Trust,0,1,1,2,3,3,2,3,2,1,0,0,18
Medtronic,0,1,0,0,0,0,0,0,0,0,1,0,2
Mid and South Essex NHS Foundation Trust,0,1,0,1,1,0,0,1,0,0,2,2,8
NHS Blood and Transplant,0,1,0,0,0,0,1,0,0,0,0,0,2
Network Rail,0,1,0,4,5,7,5,2,4,2,3,1,34
Northern Medical Centre,0,1,0,0,0,0,0,0,0,0,0,0,1
Northumbria Water,0,1,0,0,0,0,0,0,0,0,0,0,1
Nursing and Midwifery Council,0,1,0,1,3,0,4,1,1,1,1,2,15
Ofsted,0,1,0,0,1,0,0,0,1,0,1,0,4
Radiology Reporting Online LLP,0,1,0,0,0,0,0,0,0,0,0,0,1
Royal College of Emergency Medicine,0,1,0,0,2,0,0,1,1,0,4,0,9
Royal College of Paediatrics and Child Health,0,1,0,1,1,0,1,1,3,1,6,2,17
Royal College of Pathologists,0,1,0,0,0,1,3,0,0,0,1,0,6
Royal Free London NHS Foundation Trust,0,1,1,1,1,2,0,1,2,0,0,0,9
St Mary’s Nursing Home,0,1,0,0,0,0,0,0,0,0,0,0,1
Suffolk Safeguarding Partnership,0,1,0,0,0,0,0,1,0,0,0,0,2
Sunrise Senior Living,0,1,1,0,1,0,0,0,0,0,0,0,3
Tredegar Practice,0,1,0,0,0,0,0,0,0,0,0,1,2
University Health Board,0,1,0,0,0,0,0,0,0,0,0,0,1
West Hertfordshire Hospitals NHS Trust,0,1,0,0,1,0,0,1,0,0,0,1,4
West Midlands Ambulance Service University NHS Foundation Trust,0,1,0,0,1,0,1,2,1,0,3,2,11
G4S,0,0,3,1,1,1,3,0,0,0,0,1,10
Birmingham City Council,0,0,2,2,2,1,3,0,0,1,1,1,13
Central and North West London NHS Foundation Trust,0,0,2,2,2,2,6,2,5,3,2,3,29
Cornwall Council,0,0,2,3,0,1,3,0,4,3,1,2,19
Cwm Taf Morgannwg University Health Board,0,0,2,1,7,4,7,1,2,2,0,2,28
Devon Partnership NHS Trust,0,0,2,2,3,1,0,2,2,1,3,0,16
Driver and Vehicle Licensing Agency,0,0,2,1,2,2,0,0,3,0,1,0,11
East Lancashire Hospitals NHS Trust,0,0,2,4,1,0,0,0,2,0,0,1,10
East Midlands Ambulance Service NHS Trust,0,0,2,3,1,2,4,1,1,1,1,2,18
Essex County Council,0,0,2,0,1,0,0,1,0,0,2,0,6
Essex Partnership University NHS Foundation Trust,0,0,2,5,4,1,0,2,2,3,4,3,26
Gloucestershire Hospital NHS Foundation Trust,0,0,2,4,2,2,3,0,0,0,1,0,14
HM Prison Pentonville,0,0,2,2,3,0,2,0,1,0,1,0,11
South Tyneside and Sunderland NHS Foundation Trust,0,0,2,0,1,1,1,0,1,0,0,0,6
SubCPartner,0,0,2,0,0,0,0,0,0,0,0,0,2
ABTA – The Travel Association,0,0,1,0,1,0,0,0,0,0,1,0,3
Advisory Council on the Misuse of Drugs,0,0,1,1,0,0,0,1,1,0,0,0,4
Alexander House Health Centre,0,0,1,0,0,0,0,0,0,0,0,0,1
Aneurin Bevan University Health Board,0,0,1,1,3,2,0,2,3,3,5,2,22
Association of Directors of Adult Social Services,0,0,1,0,1,0,0,0,1,1,0,0,4
Birmingham Community Healthcare NHS Foundation Trust,0,0,1,0,1,1,1,0,0,0,1,0,5
Bodmin Road Health Centre,0,0,1,0,0,0,0,0,0,0,0,0,1
Bolton Council,0,0,1,0,1,0,0,1,1,0,0,0,4
Bourne House,0,0,1,0,0,0,0,0,0,0,0,0,1
Bristol City Council,0,0,1,0,0,1,0,0,0,0,0,0,2
Burton Hospitals NHS Foundation Trust,0,0,1,0,0,0,0,0,0,0,0,0,1
CCG,0,0,1,0,0,0,1,1,0,0,0,0,3
CMF Limited,0,0,1,0,0,0,0,0,0,0,0,0,1
Calderdale and Huddersfield NHS Foundation Trust,0,0,1,1,0,0,2,0,0,1,0,0,5
Cambian Group,0,0,1,0,1,1,0,0,0,0,0,0,3
Cardiff and Vale University Health Board,0,0,1,2,2,4,3,2,0,2,1,1,18
Central Surgery,0,0,1,0,0,0,0,0,0,0,0,0,1
College of Paramedics,0,0,1,0,0,0,0,0,0,1,0,0,2
Cosmetic Toiletry and Perfume Association,0,0,1,0,0,0,0,0,0,0,0,0,1
Croydon Health Services NHS Trust,0,0,1,1,0,0,0,0,1,0,0,0,3
Cyngor Gwynedd Council,0,0,1,0,0,0,0,0,0,1,0,0,2
Darlington Farmers Auction Mart,0,0,1,0,0,0,0,0,0,0,0,0,1
Denbighshire County Council,0,0,1,0,1,0,0,0,0,0,1,0,3
Department of Trade and Industry,0,0,1,0,0,0,0,0,0,0,0,0,1
Devon and Cornwall Constabulary,0,0,1,1,1,0,0,2,1,1,1,1,9
Doncaster Council,0,0,1,0,0,0,0,0,0,0,0,0,1
ENT,0,0,1,0,0,0,0,0,0,0,0,0,1
East Suffolk and North Essex NHS Foundation Trust,0,0,1,0,0,0,0,1,0,0,0,2,4
East and North Hertfordshire NHS Trust,0,0,1,0,0,0,1,1,0,1,0,0,4
East of England Ambulance Service NHS Trust,0,0,1,1,0,1,4,0,1,2,4,2,16
FA Group,0,0,1,0,0,0,0,0,0,0,0,0,1
Farnham Medical Centre,0,0,1,0,0,0,0,0,0,0,0,0,1
"Foreign, Commonwealth & Development Office",0,0,1,1,0,2,0,0,0,1,3,1,9
GEOAmey,0,0,1,0,0,0,1,0,0,0,0,0,2
Greenrod Place,0,0,1,0,0,0,0,0,0,0,0,0,1
HM Prison Birmingham,0,0,1,0,0,0,0,0,1,0,0,0,2
HM Prison Doncaster,0,0,1,0,0,0,0,0,0,0,0,0,1
HM Prison Durham,0,0,1,0,0,0,1,0,1,0,0,0,3
HM Prison Exeter,0,0,1,0,0,0,0,0,1,0,1,0,3
HM Prison Humber,0,0,1,0,0,0,0,0,0,0,0,0,1
HM Prison Portland,0,0,1,1,0,0,0,0,0,0,0,0,2
HM Prison Usk,0,0,1,0,0,0,0,0,0,1,0,0,2
Haughton Thornley Medical Centres,0,0,1,0,0,0,0,0,0,0,0,0,1
Hewett School,0,0,1,0,0,0,0,0,0,0,0,0,1
Hurst Hall Care Centre,0,0,1,0,0,0,0,0,0,0,0,0,1
Intensive Care Society,0,0,1,0,0,0,0,0,0,0,0,0,1
Islands Roads,0,0,1,0,0,0,0,0,0,0,0,0,1
James Paget University Hospitals NHS Foundation Trust,0,0,1,0,0,0,1,2,0,0,0,1,5
Kent County Council,0,0,1,0,1,0,1,2,4,3,0,0,12
Kettering General Hospital NHS Foundation Trust,0,0,1,0,1,1,0,1,0,0,1,0,5
Kockey Road Medical Centre,0,0,1,0,0,0,0,0,0,0,0,0,1
Laing O’Rourke UK & Europe,0,0,1,0,0,0,0,0,0,0,0,0,1
Lancashire Teaching Hospitals NHS Foundation Trust,0,0,1,0,0,0,0,0,0,0,0,1,2
Lattitude Global Volunteering,0,0,1,0,0,0,0,0,0,0,0,0,1
Leicester City Council,0,0,1,0,0,0,0,0,0,0,0,0,1
M C Federation,0,0,1,0,0,0,0,0,0,0,0,0,1
Maidstone and Tunbridge Wells NHS Foundation Trust,0,0,1,2,1,1,1,1,1,0,0,0,8
Masters of Foxhounds Association,0,0,1,0,0,0,0,0,0,0,0,0,1
Mental Health Care Newton House Limited,0,0,1,0,0,0,0,0,0,0,0,0,1
Mid Yorkshire Teaching NHS Trust,0,0,1,0,2,1,1,1,3,0,2,0,11
Midlands Partnership University NHS Foundation Trust,0,0,1,0,4,4,3,2,1,1,2,2,20
Mildmay Medical Practice,0,0,1,0,0,0,0,0,0,0,0,0,1
Milton Keynes University Hospital NHS Foundation Trust,0,0,1,0,1,0,2,1,3,2,4,0,14
Motor Cross Federation,0,0,1,0,0,0,0,0,0,0,0,0,1
NHS South West London Integrated Care Board,0,0,1,0,0,0,0,0,0,0,1,1,3
Nant y Gaer Hall Nursing Home,0,0,1,0,0,0,0,0,0,0,0,0,1
New Court Surgery,0,0,1,0,0,0,0,0,0,0,0,0,1
Norfolk and Norwich University Hospitals NHS Foundation Trust,0,0,1,0,0,0,2,1,3,1,0,1,9
North West Boroughs Healthcare NHS Foundation Trust,0,0,1,2,2,0,1,1,0,0,0,0,7
Northamptonshire Healthcare NHS Foundation Trust,0,0,1,0,0,1,0,0,0,0,0,0,2
Northumbria Healthcare NHS Foundation Trust,0,0,1,0,0,0,2,0,1,0,0,1,5
Norwich Practices Health Centre,0,0,1,0,0,0,0,0,0,0,0,0,1
Nottinghamshire Healthcare NHS Foundation Trust,0,0,1,4,2,0,0,0,2,3,6,4,22
Nottinghamshire Safeguarding Children Partnership,0,0,1,0,0,0,0,0,0,0,0,0,1
Old Catton Medical Practice,0,0,1,0,0,0,0,0,0,0,0,0,1
Orchard Care Homes,0,0,1,0,0,0,0,0,0,0,0,0,1
Pluss Work Choice,0,0,1,0,0,0,0,0,0,0,0,0,1
Policy and Patient Safety Directorate,0,0,1,0,0,0,0,0,0,0,0,0,1
Portsmouth Motocross Club,0,0,1,0,0,0,0,0,0,0,0,0,1
Priory Group,0,0,1,2,2,0,1,2,0,1,1,1,11
Public Health England,0,0,1,0,2,1,5,3,3,0,0,0,15
Risedale Estates Limited,0,0,1,0,0,0,0,0,0,0,0,0,1
Royal College of Anaesthetists,0,0,1,0,2,1,0,0,2,1,1,2,10
Royal National Orthopaedic Hospital NHS Trust,0,0,1,0,0,0,0,0,0,0,0,0,1
Shawe Lodge,0,0,1,0,0,0,0,0,0,0,0,0,1
South Western Ambulance Service NHS Foundation Trust,0,0,1,1,1,1,0,1,0,0,2,1,8
Southern Health NHS Foundation Trust,0,0,1,2,0,2,2,0,1,0,2,0,10
Sports Camp Tirol,0,0,1,0,0,0,0,0,0,0,0,0,1
St George’s University Hospitals NHS Foundation Trust,0,0,1,5,3,2,1,2,1,1,0,0,16
Staffordshire County Council,0,0,1,1,0,1,1,0,0,0,0,0,4
Teva UK Ltd,0,0,1,0,0,0,0,0,0,0,0,0,1
The Alexandra Court Care Home,0,0,1,0,0,0,0,0,0,0,0,0,1
Tower Hamlets Council,0,0,1,0,0,2,1,2,0,0,0,0,6
Trading Standards,0,0,1,1,0,0,0,0,0,0,0,0,2
University Hospitals of Leicester NHS Trust,0,0,1,1,1,1,1,0,0,0,1,1,7
University Hospitals of North Midlands NHS Trust,0,0,1,1,2,2,3,0,4,0,4,1,18
University of Exeter,0,0,1,0,0,0,0,0,0,1,0,0,2
Virgin Care,0,0,1,0,0,3,0,0,0,0,0,0,4
W E Rawson Ltd,0,0,1,0,0,0,0,0,0,0,0,0,1
Wakefield Council,0,0,1,0,0,0,0,0,0,0,1,0,2
Walsall Healthcare NHS Trust,0,0,1,2,1,1,0,3,1,0,0,0,9
Wayland Farms Limited,0,0,1,0,0,0,0,0,0,0,0,0,1
West Sussex County Council,0,0,1,1,1,0,2,1,1,0,0,0,7
Yorkshire Ambulance Service NHS Trust,0,0,1,1,4,0,1,1,0,0,1,1,10
Your Health Limited,0,0,1,0,0,0,0,0,0,0,0,0,1
Zelltec Limited,0,0,1,0,0,0,0,0,0,0,0,0,1
Manchester University NHS Foundation Trust,0,0,0,9,1,6,5,3,1,2,1,2,30
Civil Aviation Authority,0,0,0,5,1,1,2,1,2,0,2,0,14
Cyngor Sir Powys County Council,0,0,0,4,0,0,0,0,0,4,0,0,8
Medway NHS Foundation Trust,0,0,0,4,1,2,1,0,6,2,0,0,16
Welsh Government,0,0,0,4,5,1,3,0,1,0,0,2,16
Avon Fire and Rescue Services,0,0,0,3,0,0,0,0,0,0,2,0,5
Canal and River Trust,0,0,0,3,1,0,1,0,1,2,0,0,8
Circle Health Group,0,0,0,3,1,1,0,0,0,0,0,0,5
Cornwall Partnership NHS Foundation Trust,0,0,0,3,0,2,2,0,1,0,2,1,11
County Durham and Darlington NHS Foundation Trust,0,0,0,3,0,0,0,1,0,1,0,3,8
Doncaster and Bassetlaw Teaching Hospitals NHS Foundation Trust,0,0,0,3,2,3,1,0,1,1,0,1,12
Hywel Dda University Health Board,0,0,0,3,0,1,4,0,0,1,0,0,9
Maritime and Coastguard Agency,0,0,0,3,1,0,0,4,0,0,2,0,10
NHS Cornwall and Isles of Scilly Integrated Care Board,0,0,0,3,0,3,1,0,0,0,0,3,10
North East Ambulance Service NHS Foundation Trust,0,0,0,3,1,2,2,0,0,2,1,1,12
North East London NHS Foundation Trust,0,0,0,3,0,1,4,2,5,3,6,1,25
Resuscitation Council UK,0,0,0,3,0,0,0,1,2,1,1,0,8
Royal College of Obstetricians and Gynaecologists,0,0,0,3,2,1,1,4,1,1,4,1,18
Royal Wolverhampton NHS Trust,0,0,0,3,3,0,1,0,0,1,0,0,8
Royal Yachting Association,0,0,0,3,0,0,0,0,0,0,0,0,3
Sandwell and West Birmingham Hospitals NHS Trust,0,0,0,3,1,2,0,0,2,0,2,1,11
Surrey County Council,0,0,0,3,2,1,0,2,0,2,2,2,14
Tameside and Glossop Integrated Care NHS Foundation Trust,0,0,0,3,3,1,4,3,2,5,2,1,24
West Mercia Police,0,0,0,3,0,0,0,0,0,0,0,1,4
Wrightington Wigan and Leigh Teaching Hospitals NHS Foundation Trust,0,0,0,3,3,0,0,0,0,1,0,0,7
Ashford and St Peter’s Hospitals NHS Foundation Trust,0,0,0,2,1,1,1,0,0,1,0,0,6
Bedfordshire Hospitals NHS Foundation Trust,0,0,0,2,2,1,3,1,0,2,0,0,11
Birmingham and Solihull Mental Health NHS Foundation Trust,0,0,0,2,1,3,7,1,1,3,8,3,29
British Marine,0,0,0,2,0,0,0,0,0,0,0,0,2
British Medical Association,0,0,0,2,0,1,3,0,1,1,0,1,9
Cornwall and Isles of Scilly Safeguarding Adults Board,0,0,0,2,0,0,0,0,0,0,0,0,2
Department for Work and Pensions,0,0,0,2,1,1,1,0,3,1,2,1,12
Durham County Council,0,0,0,2,0,1,2,2,1,1,1,1,11
Edmiston London Heliport,0,0,0,2,0,0,0,0,0,0,0,0,2
George Eliot Hospital NHS Trust,0,0,0,2,0,1,0,0,0,0,2,0,5
HM Prison Leeds,0,0,0,2,0,0,0,0,2,0,0,0,4
Hampshire County Council,0,0,0,2,0,0,2,0,1,1,0,0,6
Health and Care Professions Council,0,0,0,2,0,0,0,0,0,0,1,0,3
Imperial College Healthcare NHS Trust,0,0,0,2,0,1,0,0,0,0,0,0,3
Incommunities,0,0,0,2,0,0,0,0,0,0,0,0,2
Leeds and York Partnership NHS Foundation Trust,0,0,0,2,0,0,1,0,2,0,1,0,6
Lincolnshire Police,0,0,0,2,0,0,0,0,1,1,0,0,4
"NHS Bristol, North Somerset and South Gloucestershire Integrated Care Board",0,0,0,2,0,0,0,0,0,0,0,0,2
NHS Derby and Derbyshire Integrated Care Board,0,0,0,2,0,2,0,1,0,1,0,0,6
NHS Devon Integrated Care Board,0,0,0,2,1,1,0,0,0,1,0,0,5
NHS Wales,0,0,0,2,0,1,1,0,0,0,0,1,5
National Police Chiefs’ Council,0,0,0,2,2,1,8,2,11,3,10,2,41
Orchard Surgery,0,0,0,2,0,0,0,0,0,0,0,0,2
Oxleas NHS Foundation Trust,0,0,0,2,1,5,2,4,1,3,2,1,21
Portsmouth Hospitals University NHS Trust,0,0,0,2,2,0,3,0,0,1,1,1,10
Rotherham Doncaster and South Humber NHS Foundation Trust,0,0,0,2,0,0,1,0,0,0,0,0,3
Royal Borough of Greenwich,0,0,0,2,0,0,0,0,0,0,1,0,3
Royal Pharmaceutical Society,0,0,0,2,0,0,1,1,1,1,1,0,7
Sheffield City Council,0,0,0,2,1,2,0,0,0,0,0,1,6
West London NHS Trust,0,0,0,2,0,1,1,0,1,3,1,1,10
West Yorkshire Police,0,0,0,2,0,0,0,0,0,1,1,0,4
A ONE+,0,0,0,1,0,0,0,0,0,0,0,0,1
ADL PLC,0,0,0,1,0,0,0,0,0,0,0,0,1
AGD Equipment Limited,0,0,0,1,0,0,0,0,0,0,0,0,1
Abbey Court Independent Hospital,0,0,0,1,0,0,0,0,0,0,0,0,1
Acorn Lodge Care Home,0,0,0,1,0,0,0,0,0,0,0,0,1
Alexander Court Care Central,0,0,0,1,0,0,0,0,0,0,0,0,1
Amphenol Thermometrics UK Ltd,0,0,0,1,0,0,0,0,0,0,0,0,1
Anglian Community Enterprise,0,0,0,1,0,0,0,0,0,0,0,0,1
Aran Court Care Centre,0,0,0,1,0,0,0,0,0,0,0,0,1
Association of Ambulance Chief Executives,0,0,0,1,1,0,3,7,1,6,7,2,28
Avon Care Home Limited,0,0,0,1,0,0,0,0,0,0,0,0,1
BUPA,0,0,0,1,1,1,0,0,0,1,1,0,5
Bampton Surgery,0,0,0,1,0,0,0,0,0,0,0,0,1
Barnsley Hospital NHS Foundation Trust,0,0,0,1,0,0,0,1,0,2,0,0,4
Bateman Engineering Ltd,0,0,0,1,0,0,0,0,0,0,0,0,1
Bedfordshire Police,0,0,0,1,1,1,1,0,1,0,1,0,6
Belong Village,0,0,0,1,0,0,0,0,0,0,0,0,1
Borough Care,0,0,0,1,1,0,1,1,0,0,0,0,4
British Cardiovascular Intervention Society,0,0,0,1,0,0,0,0,0,0,0,0,1
British Mountaineering Council,0,0,0,1,0,0,0,0,0,0,0,0,1
British Skydiving,0,0,0,1,0,0,0,0,0,0,0,0,1
British Society of Interventional Radiology,0,0,0,1,0,0,0,0,0,0,0,0,1
British Sub Aqua Club,0,0,0,1,0,0,0,0,0,0,0,0,1
British Travel Agents,0,0,0,1,0,0,0,0,0,0,0,0,1
CLS Care Services,0,0,0,1,0,0,0,0,0,0,0,0,1
Camden Council,0,0,0,1,0,1,1,2,0,0,0,1,6
Campus Living Villages,0,0,0,1,0,0,0,0,0,0,0,0,1
Care First Homes,0,0,0,1,0,0,0,0,0,0,0,0,1
Caring Homes Healthcare Group Limited,0,0,0,1,0,0,0,0,0,0,0,0,1
Cedar Care Home,0,0,0,1,0,0,0,0,0,0,0,0,1
Chelsea and Westminster Hospital NHS Foundation Trust,0,0,0,1,0,1,0,0,0,0,1,0,3
"Cheshire Council, Vale Royal Area Highway Office",0,0,0,1,0,0,0,0,0,0,0,0,1
Cheshire and Wirral Partnership NHS Foundation Trust,0,0,0,1,0,0,2,0,0,1,0,1,5
Chesterfield Royal Hospital NHS Foundation Trust,0,0,0,1,1,0,0,1,0,0,1,0,4
Churchgate Surgery,0,0,0,1,1,0,0,0,0,0,0,0,2
Clevedon Medical Centre,0,0,0,1,0,0,0,0,0,0,0,0,1
"Clinical, Commissioning Group",0,0,0,1,0,0,0,0,0,0,0,0,1
College of Policing,0,0,0,1,0,1,7,3,5,5,9,4,35
"Commissioning Manager, Drug and Alcohol Action Team",0,0,0,1,0,0,0,0,0,0,0,0,1
Construction Plant Hire Association,0,0,0,1,0,0,0,0,0,0,0,0,1
Cuerden care Homes,0,0,0,1,0,0,0,0,0,0,0,0,1
Dalmeny Hotel,0,0,0,1,0,0,0,0,0,0,0,0,1
"Department for Business, Energy and Industrial Strategy",0,0,0,1,3,1,0,0,1,0,1,0,7
Digsafe Suction Excavations Limited,0,0,0,1,0,0,0,0,0,0,0,0,1
Dispensing Doctors Association,0,0,0,1,0,0,0,0,0,0,0,0,1
Dudley Group NHS Foundation Trust,0,0,0,1,2,4,0,0,0,0,0,0,7
Dulwich Dive Club,0,0,0,1,0,0,0,0,0,0,0,0,1
East Kent Hospitals University NHS Foundation Trust,0,0,0,1,4,0,1,1,1,3,1,0,12
Endless Street Surgery,0,0,0,1,0,0,0,0,0,0,0,0,1
Federation of Piling Specialists,0,0,0,1,0,0,0,0,0,0,0,0,1
General Dental Council,0,0,0,1,0,0,0,0,0,0,1,0,2
Gloucestershire County Council,0,0,0,1,0,0,2,0,0,0,0,0,3
Great Western Hospitals NHS Foundation Trust,0,0,0,1,5,0,0,1,0,1,2,0,10
Great Western Railway,0,0,0,1,0,0,0,0,0,0,0,0,1
HM Prison Fosse Way,0,0,0,1,0,0,0,0,0,0,0,0,1
HM Prison High Down,0,0,0,1,0,0,0,0,0,0,0,0,1
HM Prison Leicester,0,0,0,1,0,0,0,0,0,0,0,0,1
HM Prison Lindholme,0,0,0,1,0,0,1,0,0,0,0,0,2
HM Prison Liverpool,0,0,0,1,0,0,0,0,0,0,0,0,1
HM Prison Nottingham,0,0,0,1,0,0,0,0,0,1,0,0,2
HM Prison Ranby,0,0,0,1,0,0,0,0,0,0,0,0,1
HM Prison Rochester,0,0,0,1,0,0,0,0,0,0,1,0,2
HM Prison Stoke Heath,0,0,0,1,0,1,0,0,0,0,0,1,3
HM Prison Woodhill,0,0,0,1,2,0,2,0,0,0,0,0,5
HR Healthcare Ltd,0,0,0,1,0,0,0,0,0,0,0,0,1
HSE Soilmec Limited,0,0,0,1,0,0,0,0,0,0,0,0,1
Hackney Council,0,0,0,1,0,1,0,0,0,0,0,2,4
Hampshire and Isle of Wight Constabulary,0,0,0,1,0,0,4,0,0,0,1,0,6
Hazelmere Medical Centre,0,0,0,1,0,0,0,0,0,0,0,0,1
Healthcare Homes,0,0,0,1,0,0,0,0,0,0,0,0,1
Healthcare Inspectorate Wales,0,0,0,1,0,0,0,0,0,0,0,0,1
Healthcare Management Solutions Ltd,0,0,0,1,0,0,0,0,0,0,0,0,1
Heathview Medical Practice,0,0,0,1,0,0,0,0,0,1,0,0,2
Heaton Moor Medical Group,0,0,0,1,0,0,1,0,0,0,0,0,2
Hertfordshire County Council,0,0,0,1,1,0,0,0,0,0,2,0,4
"Highways Department, Cumbria  County Council",0,0,0,1,0,0,0,0,0,0,0,0,1
"Highways Department, Torbay Council",0,0,0,1,0,0,0,0,0,0,0,0,1
Hilton Hotel,0,0,0,1,0,0,0,0,0,0,0,0,1
Home Care Support Limited,0,0,0,1,0,0,0,0,0,0,0,0,1
Hotel Riu Oliva Beach Resort,0,0,0,1,0,0,0,0,0,0,0,0,1
Hounslow Council,0,0,0,1,1,0,0,0,0,0,0,0,2
Ideal Care Home Ltd,0,0,0,1,0,0,0,0,0,0,0,0,1
Impact Housing Association,0,0,0,1,0,0,0,0,0,0,0,0,1
Independence Homes Limited,0,0,0,1,0,0,0,0,0,0,0,0,1
Isle of Wight NHS Trust,0,0,0,1,2,1,0,0,0,0,0,0,4
Johnson & Johnson,0,0,0,1,0,0,0,0,0,0,0,0,1
Jubilee Gardens Care Centre,0,0,0,1,0,0,0,0,0,0,0,0,1
Keats House Consulting Rooms London Bridge,0,0,0,1,0,0,0,0,0,0,0,0,1
Kent and Medway Cancer Collaborative,0,0,0,1,0,0,0,0,0,0,0,0,1
Knowle House Surgery,0,0,0,1,0,0,0,0,0,0,0,0,1
Lambton House Care Home,0,0,0,1,0,0,0,0,0,1,0,0,2
Lancashire and South Cumbria NHS Foundation Trust,0,0,0,1,1,1,0,1,1,1,1,0,7
Lewisham Council,0,0,0,1,0,1,1,1,1,0,0,0,5
Lifeskills,0,0,0,1,0,0,0,0,0,0,0,0,1
Lime Tree Surgery,0,0,0,1,0,0,0,0,0,0,0,0,1
Lincolnshire County Council,0,0,0,1,0,1,2,2,0,0,1,0,7
Linden House Surgery,0,0,0,1,0,0,0,0,0,0,0,0,1
Lockfield Surgery,0,0,0,1,0,0,0,0,0,0,0,0,1
Luton Borough Council,0,0,0,1,0,0,0,1,0,0,0,0,2
MAC Skip Hire Limited,0,0,0,1,0,0,0,0,0,0,0,0,1
Magenta Living Support Link,0,0,0,1,0,0,0,0,0,0,0,0,1
Marks and Spencer,0,0,0,1,0,0,0,0,0,0,0,0,1
Maurice Mason Ltd,0,0,0,1,0,0,0,0,0,0,0,0,1
Meadbank Care Home,0,0,0,1,0,0,0,0,0,0,0,0,1
Medical Centre Stalybridge,0,0,0,1,0,0,0,0,0,0,0,0,1
Medicspro,0,0,0,1,0,0,0,0,0,0,0,0,1
Mid Cheshire Hospitals NHS Foundation Trust,0,0,0,1,0,0,0,0,0,1,0,0,2
Mill View Nursing Home,0,0,0,1,0,0,0,0,0,0,0,0,1
Mitie Group,0,0,0,1,0,0,2,0,1,0,0,0,4
"NHS Bath and North East Somerset, Swindon and Wiltshire Integrated Care Board",0,0,0,1,0,0,1,0,0,0,0,0,2
NHS Birmingham and Solihull Integrated Care Board,0,0,0,1,1,7,5,0,1,1,2,2,20
NHS Cambridgeshire and Peterborough Integrated Care Board,0,0,0,1,0,0,0,0,1,0,1,0,3
NHS Care Commissioning Group,0,0,0,1,0,0,0,0,0,0,0,0,1
NHS Gloucestershire Integrated Care Board,0,0,0,1,0,1,0,0,0,0,0,0,2
"NHS Leicester, Leicestershire and Rutland Integrated Care Board",0,0,0,1,2,1,0,1,0,1,0,0,6
NHS North East London Integrated Care Board,0,0,0,1,0,0,0,2,0,0,0,1,4
NHS Surrey Heartlands Integrated Care Board,0,0,0,1,0,0,1,0,0,2,0,0,4
National Society for the Prevention of Cruelty to Children,0,0,0,1,0,0,0,0,0,0,0,0,1
National Trust,0,0,0,1,0,0,1,1,1,0,0,0,4
Neasham Road Surgery,0,0,0,1,0,0,0,0,0,0,0,0,1
Next Stage,0,0,0,1,0,0,0,0,0,0,0,0,1
Nightingale Hospital,0,0,0,1,0,0,0,0,0,0,0,0,1
Norfolk County Council,0,0,0,1,0,0,1,0,2,0,0,0,4
North Devon County Council,0,0,0,1,0,0,0,0,0,0,0,0,1
North Yorkshire County Council,0,0,0,1,0,1,0,0,1,1,1,0,5
North Yorkshire Police,0,0,0,1,0,0,0,0,0,0,0,0,1
Northfields Surgery,0,0,0,1,0,0,0,0,0,0,0,0,1
Northumbria Police,0,0,0,1,0,0,2,1,0,0,0,1,5
Nottinghamshire County Council,0,0,0,1,1,1,1,0,2,0,1,0,7
Oadby and Wigston Borough Council,0,0,0,1,0,0,0,0,0,0,0,0,1
Oxford University Hospitals NHS Foundation Trust,0,0,0,1,2,1,1,1,3,0,2,0,11
Phillips Healthcare,0,0,0,1,0,0,0,0,0,0,0,0,1
"Powys Teaching Health Board, Secretary of State for Health",0,0,0,1,0,0,0,0,0,0,0,0,1
Princess Alexandra Hospital NHS Trust,0,0,0,1,0,1,0,1,0,0,0,1,4
Prisons and Probation Ombudsman,0,0,0,1,0,0,1,0,0,0,0,0,2
Queen Mary’s Hospital for Children,0,0,0,1,0,0,0,0,0,0,0,0,1
Ranc Care Home Ltd,0,0,0,1,0,0,0,0,0,0,0,0,1
Reckitt Benckiser Healthcare UK Ltd,0,0,0,1,0,0,0,0,0,0,0,0,1
Regard Care,0,0,0,1,0,0,0,0,0,0,0,0,1
Richmond Medical Centre,0,0,0,1,0,0,0,0,0,1,0,0,2
Roche Diagnostics Limited,0,0,0,1,0,0,0,0,0,0,0,0,1
Rosedale Care Home,0,0,0,1,0,0,0,0,0,0,0,0,1
Rotherham Metropolitan Borough Council,0,0,0,1,0,0,0,0,0,0,0,0,1
Rotherham NHS Foundation Trust,0,0,0,1,0,0,0,0,0,0,0,1,2
Royal College of Physicians,0,0,0,1,0,1,1,1,2,0,2,1,9
Royal College of Psychiatrists,0,0,0,1,1,2,0,0,1,6,4,1,16
Royal College of Radiologists,0,0,0,1,0,0,0,1,0,0,2,1,5
Royal Surrey NHS Foundation Trust,0,0,0,1,1,0,0,0,0,1,0,0,3
Royal United Hospitals Bath NHS Foundation Trust,0,0,0,1,1,0,3,0,0,0,3,0,8
Seaton and Colyton Medical Practice,0,0,0,1,0,0,0,0,0,0,0,0,1
Serco,0,0,0,1,0,0,0,0,0,0,1,0,2
Sherwood Forest Hospitals NHS Foundation Trust,0,0,0,1,0,0,0,1,0,0,0,3,5
Shrewsbury and Telford Hospital NHS Trust,0,0,0,1,0,1,1,2,1,0,0,0,6
Solent NHS Trust,0,0,0,1,1,0,0,0,0,0,1,0,3
South Tees Hospitals NHS Foundation Trust,0,0,0,1,0,0,1,0,0,0,0,0,2
South Wales Police,0,0,0,1,0,0,1,2,0,1,1,0,6
South West London and St George’s Mental Health NHS Trust,0,0,0,1,1,1,0,1,0,1,1,1,7
South Western Railway,0,0,0,1,0,0,2,1,0,1,0,0,5
Spectrum Community Health,0,0,0,1,0,0,0,0,0,0,0,0,1
Square Sail,0,0,0,1,0,0,0,0,0,0,0,0,1
Stockport Metropolitan Borough Council,0,0,0,1,0,0,1,1,1,0,0,1,5
Surrey and Borders Partnership NHS Foundation Trust,0,0,0,1,2,1,1,1,1,3,4,0,14
Sustrans,0,0,0,1,0,0,0,0,0,0,0,0,1
Tameside Metropolitan Borough Council,0,0,0,1,2,0,0,0,1,0,0,0,4
Tandridge District Council,0,0,0,1,1,0,0,0,0,0,0,0,2
Templemore Care Home,0,0,0,1,0,0,0,0,0,0,0,0,1
Tesco PLC,0,0,0,1,0,0,0,0,0,1,0,1,3
The Black Country Family Practice,0,0,0,1,0,0,0,0,0,0,0,0,1
The Borchardt Medical Centre,0,0,0,1,0,0,0,0,0,0,0,0,1
The British Obesity and Metabolic Surgery Society,0,0,0,1,0,0,0,0,0,0,0,0,1
The Caravan Club,0,0,0,1,0,0,0,0,0,0,0,0,1
The Right Honourable Jeremy Hunt MP,0,0,0,1,0,0,0,0,0,0,0,0,1
The Right Honourable Theresa May MP,0,0,0,1,0,0,0,0,0,0,0,0,1
The Samaritans,0,0,0,1,0,0,0,0,0,0,0,0,1
The Showmen’s Guild of Great Britain,0,0,0,1,0,0,0,0,0,0,0,0,1
The Wallich Centre,0,0,0,1,0,0,0,0,0,0,0,0,1
Timperley Care Home,0,0,0,1,0,0,0,0,0,0,0,0,1
Tunstall Response,0,0,0,1,0,0,0,0,0,0,0,0,1
UK National Screening Committee,0,0,0,1,0,0,0,0,0,0,0,0,1
United Response,0,0,0,1,0,0,0,0,0,0,0,0,1
University Hospitals of Morecambe Bay NHS Foundation Trust,0,0,0,1,0,0,0,0,0,0,0,0,1
University of Warwick,0,0,0,1,0,0,0,0,0,0,0,0,1
Village Nursing and Care Home,0,0,0,1,0,0,0,0,0,0,0,0,1
W M Morrisons PLC,0,0,0,1,0,0,0,0,0,0,0,0,1
Warwickshire Police,0,0,0,1,0,0,0,0,0,1,0,1,3
West Midlands Police,0,0,0,1,1,1,4,1,2,2,2,2,16
Weston Area Health NHS Trust,0,0,0,1,0,0,0,0,0,0,0,0,1
Wibsey and Queensbury Medical Practice,0,0,0,1,0,0,0,0,0,0,0,0,1
Wiltshire Council,0,0,0,1,1,1,0,0,0,1,0,0,4
Wychall Lane Surgery,0,0,0,1,0,0,0,0,0,0,0,0,1
Coventry and Warwickshire Partnership NHS Trust,0,0,0,0,3,0,0,1,1,1,0,1,7
Change Grow Live,0,0,0,0,2,0,0,0,2,1,0,0,5
Chief Medical Officer for Wales,0,0,0,0,2,0,0,0,0,0,2,0,4
Foreign and Commonwealth Affairs,0,0,0,0,2,0,0,0,0,0,0,0,2
Gateshead Health NHS Foundation Trust,0,0,0,0,2,0,1,0,0,0,1,0,4
Gloucestershire Health and Care NHS Foundation Trust,0,0,0,0,2,1,1,0,0,0,1,1,6
HCA Healthcare UK,0,0,0,0,2,0,1,0,1,0,0,1,5
HM Courts and Tribunals Service,0,0,0,0,2,1,0,0,1,0,0,0,4
HM Prison Wandsworth,0,0,0,0,2,0,0,0,0,0,0,0,2
NHS Cheshire and Merseyside Integrated Care Board,0,0,0,0,2,0,0,0,0,0,1,1,4
NHS Lothian Scotland,0,0,0,0,2,0,0,0,0,0,0,0,2
Office of Rail and Road,0,0,0,0,2,0,2,1,0,0,0,0,5
Portsmouth City Council,0,0,0,0,2,0,0,0,0,0,0,0,2
Royal College of Surgeons,0,0,0,0,2,1,1,1,0,1,1,0,7
UK Kidney Association,0,0,0,0,2,0,0,0,0,0,0,0,2
Walsall Council,0,0,0,0,2,0,2,0,0,0,0,1,5
Whirlpool UK,0,0,0,0,2,1,0,0,0,0,0,0,3
Wigan Council,0,0,0,0,2,0,1,0,0,0,0,0,3
A J Way & Co Ltd,0,0,0,0,1,0,0,0,0,0,0,0,1
Abbotsbury Residential Care Home,0,0,0,0,1,0,0,0,0,0,0,0,1
Adams Pharmacy,0,0,0,0,1,0,0,0,0,0,0,0,1
Addiction Dependency Solutions,0,0,0,0,1,0,0,0,0,0,0,0,1
Advinia Healthcare Ltd,0,0,0,0,1,0,0,0,0,0,0,0,1
Agrade Community Care Services,0,0,0,0,1,0,0,0,0,0,0,0,1
Al Hijrah School,0,0,0,0,1,0,0,0,0,0,0,0,1
Ambassador House Care Home,0,0,0,0,1,0,0,0,0,0,0,0,1
Amey PLC,0,0,0,0,1,1,0,0,0,0,0,0,2
Apple,0,0,0,0,1,0,0,0,0,0,0,0,1
Arden Court Nursing Home,0,0,0,0,1,0,0,0,0,0,0,0,1
ArjoHuntleigh,0,0,0,0,1,0,0,0,0,0,0,0,1
Ashgate House Nursing Home,0,0,0,0,1,0,0,0,0,0,0,0,1
Banes Highways,0,0,0,0,1,0,0,0,0,0,0,0,1
Banes Park and Services,0,0,0,0,1,0,1,0,0,0,0,0,2
Barchester Healthcare,0,0,0,0,1,0,1,0,0,0,1,0,3
Bayer Plc,0,0,0,0,1,1,0,0,0,0,0,0,2
Beech Cliffe Grange Care Homes,0,0,0,0,1,0,0,0,0,0,0,0,1
Beko Plc,0,0,0,0,1,0,0,0,0,0,0,0,1
Birnberg Peirce Solicitors,0,0,0,0,1,0,0,0,0,0,0,0,1
Boldmere Court Care Home,0,0,0,0,1,0,0,0,0,0,0,0,1
Bondcare Limited,0,0,0,0,1,0,1,0,1,0,0,0,3
Bow School,0,0,0,0,1,0,0,0,0,0,0,0,1
British Maternal and Fetal Medicine Society,0,0,0,0,1,0,0,0,0,0,0,0,1
British Society for Allergy and Clinical Immunology,0,0,0,0,1,0,2,0,0,1,0,0,4
Bury Council,0,0,0,0,1,1,0,1,0,0,0,0,3
Bute House Surgery,0,0,0,0,1,0,0,0,0,0,0,0,1
CAMHS,0,0,0,0,1,0,0,0,0,0,0,0,1
CSS Telecare Service,0,0,0,0,1,0,0,0,0,0,0,0,1
Cardiff Council,0,0,0,0,1,0,1,0,0,0,0,0,2
Care Agency,0,0,0,0,1,0,0,0,0,0,0,0,1
Care First Class UK Limited,0,0,0,0,1,0,0,0,0,0,0,0,1
Carillion,0,0,0,0,1,0,0,0,0,0,0,0,1
Carlton House Rest Home,0,0,0,0,1,0,0,0,0,0,0,0,1
Caterlink,0,0,0,0,1,0,0,0,0,0,0,0,1
Cegedim,0,0,0,0,1,0,0,0,0,0,0,1,2
"Cheshire East Council, Highway Department",0,0,0,0,1,0,0,0,0,0,0,0,1
Child and Adolescent Mental Health Service East,0,0,0,0,1,0,0,0,0,0,0,0,1
City of Doncaster Council,0,0,0,0,1,0,0,0,0,0,0,0,1
Collingwood Nursing Home,0,0,0,0,1,0,0,0,0,0,0,0,1
Comfort Call Limited,0,0,0,0,1,0,0,0,0,0,0,0,1
Compass Wellbeing,0,0,0,0,1,0,0,0,0,0,0,0,1
Compliance Manager,0,0,0,0,1,0,0,0,0,0,0,0,1
Conwy County Council,0,0,0,0,1,0,0,0,0,0,0,0,1
Cornishway Group Practice,0,0,0,0,1,0,0,0,0,0,0,0,1
Countess of Chester Hospital NHS Foundation Trust,0,0,0,0,1,0,0,0,0,0,0,0,1
Coxbench Hall Residential Home,0,0,0,0,1,0,0,0,0,0,0,0,1
Cricket Green Medical Practice,0,0,0,0,1,0,0,0,0,0,0,0,1
Cyngor Bwrdeistref Sirol Pen-y-Bont ar Ogwr,0,0,0,0,1,0,0,0,0,0,0,0,1
Dartford and Gravesend NHS Trust,0,0,0,0,1,0,0,0,0,0,0,1,2
Derbyshire Community Health Services NHS Foundation Trust,0,0,0,0,1,0,0,0,0,1,1,0,3
Devon Local Medical Committee,0,0,0,0,1,1,0,0,0,0,0,0,2
Dinnington Group Practice,0,0,0,0,1,0,0,0,0,0,0,0,1
Director of Housing,0,0,0,0,1,0,0,0,0,0,0,0,1
Dorset Council,0,0,0,0,1,2,1,0,0,2,1,1,8
Driver and Vehicle Standards Agency,0,0,0,0,1,0,2,2,0,0,0,1,6
Dyfed-Powys Police,0,0,0,0,1,0,1,0,0,0,1,0,3
Eastgate Residential Care Homes,0,0,0,0,1,0,0,0,0,0,0,0,1
Eldercare,0,0,0,0,1,0,0,0,0,0,0,0,1
Elmbridge Borough Council,0,0,0,0,1,0,0,0,0,0,0,0,1
Emirates Airlines,0,0,0,0,1,0,0,0,0,0,0,0,1
Epsom  Ewell Borough Council,0,0,0,0,1,0,0,0,0,0,0,0,1
Essex Community Rehabilitation Company,0,0,0,0,1,0,0,0,0,0,0,0,1
Essex Police,0,0,0,0,1,0,1,1,1,0,1,0,5
Excel Care,0,0,0,0,1,0,0,0,0,0,0,0,1
Fairfield View Care Centre,0,0,0,0,1,0,0,0,0,0,0,0,1
First South Yorkshire Limited,0,0,0,0,1,0,0,0,0,0,0,0,1
Fisher and Paykel,0,0,0,0,1,0,0,0,0,0,0,0,1
Fitzalan Medical Group,0,0,0,0,1,0,0,0,0,0,0,0,1
Flintshire County Council,0,0,0,0,1,0,0,0,0,0,0,0,1
Fremantle Trust,0,0,0,0,1,0,0,0,0,0,0,0,1
Fremington Medical Centre,0,0,0,0,1,0,0,0,0,0,0,0,1
Garage Equipment Association,0,0,0,0,1,0,0,0,0,0,0,0,1
General Pharmaceutical Council,0,0,0,0,1,1,2,0,2,0,1,1,8
Grange Care Home,0,0,0,0,1,0,0,0,0,0,0,0,1
Grasmere Surgery,0,0,0,0,1,0,0,0,0,0,0,0,1
HM Prison Bedford,0,0,0,0,1,1,0,0,0,1,0,0,3
HM Prison Grendon,0,0,0,0,1,0,0,0,0,0,0,0,1
HM Prison Highpoint,0,0,0,0,1,0,0,0,0,0,0,0,1
HM Prison Long Lartin,0,0,0,0,1,0,1,0,2,0,0,0,4
HM Prison Preston,0,0,0,0,1,0,0,0,0,1,0,0,2
Halfords Group PLC,0,0,0,0,1,0,0,0,0,0,0,0,1
Hampshire Hospitals NHS Foundation Trust,0,0,0,0,1,1,0,0,0,0,1,0,3
Harbour Healthcare Limited,0,0,0,0,1,2,0,0,0,0,0,0,3
Heaton Medical Centre,0,0,0,0,1,0,0,0,0,0,0,0,1
Heaton Norris Health Centre,0,0,0,0,1,0,0,0,0,0,0,0,1
"Highways Department, County Durham Council",0,0,0,0,1,0,0,0,0,0,0,0,1
Hillbrook Grange Residential Care Home,0,0,0,0,1,0,0,0,0,0,0,0,1
Hillingdon Hospitals NHS Foundation Trust,0,0,0,0,1,0,1,0,0,0,0,0,2
Hindley Health Centre Pharmacy,0,0,0,0,1,0,0,0,0,0,0,0,1
Homerton Healthcare NHS Foundation Trust,0,0,0,0,1,2,0,0,0,0,1,0,4
Honda UK,0,0,0,0,1,0,0,0,0,0,0,0,1
Hull University Teaching Hospitals NHS Trust,0,0,0,0,1,0,1,0,0,0,1,3,6
Insure and Co,0,0,0,0,1,0,0,0,0,0,0,0,1
Joint Royal Colleges Ambulance Liaison Committee,0,0,0,0,1,0,3,1,0,1,1,0,7
Kindandental,0,0,0,0,1,0,0,0,0,0,0,0,1
Lifeshield Medical Services Limited,0,0,0,0,1,0,0,0,0,0,0,0,1
Lincolnshire Community Health Service NHS Trust,0,0,0,0,1,0,0,0,0,0,0,0,1
Local Government Association,0,0,0,0,1,1,1,0,0,0,0,0,3
Local Health Board,0,0,0,0,1,0,0,0,0,0,0,0,1
Locala,0,0,0,0,1,0,0,0,0,0,0,0,1
Ludlow Street Healthcare,0,0,0,0,1,0,0,0,0,0,0,0,1
Maesteg Comprehensive School,0,0,0,0,1,0,0,0,0,0,0,0,1
Manchester Airport Group,0,0,0,0,1,0,0,0,0,0,0,0,1
Manor Field Surgery,0,0,0,0,1,0,0,0,0,0,0,0,1
Merseytravel,0,0,0,0,1,0,0,0,0,0,0,0,1
Millbrook Healthcare Limited,0,0,0,0,1,0,0,0,0,0,0,0,1
Milton Keynes City Council,0,0,0,0,1,1,0,1,0,1,1,0,5
NHS,0,0,0,0,1,0,0,1,0,0,1,0,3
NHS Sussex Integrated Care Board,0,0,0,0,1,2,0,0,3,0,1,3,10
"NPS/NOMS, Liverpool City Council",0,0,0,0,1,0,0,0,0,0,0,0,1
National Trading Standards,0,0,0,0,1,0,1,0,0,0,1,0,3
National Tree Safety Group,0,0,0,0,1,0,0,0,0,0,0,0,1
National Water Safety Forum,0,0,0,0,1,0,0,0,0,0,0,0,1
Newcastle upon Tyne Hospitals NHS Foundation Trust,0,0,0,0,1,0,0,0,0,0,1,0,2
North Bristol NHS Trust,0,0,0,0,1,2,0,1,0,2,2,1,9
North Lincolnshire Council,0,0,0,0,1,0,0,0,0,1,0,0,2
North Wales Police,0,0,0,0,1,0,0,0,0,0,0,0,1
North West Anglia NHS Foundation Trust,0,0,0,0,1,0,0,0,1,0,1,0,3
Northamptonshire Police,0,0,0,0,1,0,0,0,0,0,0,0,1
Northern Health and Social Care Trust,0,0,0,0,1,0,0,0,0,0,1,0,2
Northern Rail,0,0,0,0,1,1,0,0,0,0,0,0,2
Nottingham Police,0,0,0,0,1,0,0,0,0,0,0,0,1
Oldham Council,0,0,0,0,1,0,0,0,0,1,0,0,2
One Housing Group,0,0,0,0,1,0,0,0,0,0,0,0,1
Parkhill Group of Companies,0,0,0,0,1,0,0,0,0,0,0,0,1
Pavillions,0,0,0,0,1,0,0,0,0,0,0,0,1
Peak Valley Housing Association,0,0,0,0,1,0,0,0,0,0,0,0,1
Peel Medical Practice,0,0,0,0,1,0,0,0,0,0,0,0,1
Phuket Highway District,0,0,0,0,1,0,0,0,0,0,0,0,1
Primebulk Shipmanagement Limited,0,0,0,0,1,0,0,0,0,0,0,0,1
Proprietary Association,0,0,0,0,1,0,0,0,0,0,0,0,1
Queen Victoria Hospital NHS Foundation Trust,0,0,0,0,1,0,0,0,0,0,0,0,1
RICS,0,0,0,0,1,0,0,0,0,0,0,0,1
Ramblegard Ltd,0,0,0,0,1,0,0,0,0,0,0,0,1
Reading Borough Council,0,0,0,0,1,0,0,0,0,0,2,1,4
Rosewood Lodge Nursing Home,0,0,0,0,1,0,0,0,0,0,0,0,1
Rother District Council,0,0,0,0,1,0,0,0,0,0,0,0,1
Royal College of Midwives,0,0,0,0,1,0,0,0,0,1,1,0,3
Royal Devon University Healthcare Foundation Trust,0,0,0,0,1,0,1,0,0,0,1,0,3
Royal Life Saving Society UK,0,0,0,0,1,0,0,0,0,0,0,0,1
Royal National Lifeboat Institution,0,0,0,0,1,0,0,4,0,0,1,0,6
Royal Society for the Prevention of Accidents,0,0,0,0,1,0,0,0,0,0,1,0,2
S. C. Johnson & Son,0,0,0,0,1,0,0,0,0,0,0,0,1
Safehands Ltd,0,0,0,0,1,0,0,0,0,0,0,0,1
Safety Assessment Federation,0,0,0,0,1,0,0,0,0,0,0,0,1
Saffronland Homes Limited,0,0,0,0,1,0,0,0,0,0,0,0,1
Sandwell Council,0,0,0,0,1,1,1,0,0,0,0,1,4
Sheffield Health and Social Care NHS Foundation Trust,0,0,0,0,1,1,0,0,0,1,0,0,3
Shropshire Community Health NHS Trust,0,0,0,0,1,1,0,0,0,0,0,0,2
Sirona Care & Health,0,0,0,0,1,1,0,0,0,0,0,0,2
Society of Radiographers,0,0,0,0,1,0,0,1,0,0,0,0,2
South East Coast Ambulance Service NHS Foundation Trust,0,0,0,0,1,2,4,1,2,0,3,0,13
South Wales Fire and Rescue Service,0,0,0,0,1,0,0,0,0,0,0,0,1
South West Yorkshire Partnership NHS Foundation Trust,0,0,0,0,1,2,0,0,3,3,0,1,10
South Yorkshire Police,0,0,0,0,1,0,0,1,0,0,0,0,2
Southampton City Council,0,0,0,0,1,0,2,0,0,0,0,0,3
Southeastern Railway,0,0,0,0,1,0,0,1,0,0,0,0,2
Southwark Council,0,0,0,0,1,0,0,0,0,0,1,0,2
St Giles Care Home,0,0,0,0,1,0,0,0,0,0,0,0,1
St Giles Nursing Home,0,0,0,0,1,0,0,0,0,0,0,0,1
Stonefield Street Surgery,0,0,0,0,1,0,0,0,0,0,0,0,1
Stoneham Bass,0,0,0,0,1,0,0,0,0,0,0,0,1
Sunderland City Council,0,0,0,0,1,0,0,1,0,0,1,0,3
Sussex Police,0,0,0,0,1,1,2,2,2,2,0,0,10
Sutton Council,0,0,0,0,1,1,0,0,0,0,0,0,2
Swindon Borough Council,0,0,0,0,1,2,0,0,0,0,0,0,3
The Church Inn Robinsons Brewery,0,0,0,0,1,0,0,0,0,0,0,0,1
The Cotswold Hunt,0,0,0,0,1,0,0,0,0,0,0,0,1
The Council of Hunting,0,0,0,0,1,0,0,0,0,0,0,0,1
The Difficult Airway Society,0,0,0,0,1,0,0,0,0,0,0,0,1
The Glass and Glazing Federation,0,0,0,0,1,0,0,0,0,0,0,0,1
The Grange Care Centre,0,0,0,0,1,0,0,0,0,0,0,0,1
The Hub,0,0,0,0,1,0,0,0,0,0,0,0,1
The Ivy Grove Surgery,0,0,0,0,1,0,0,0,0,0,0,0,1
The Lakes Care Centre,0,0,0,0,1,0,0,0,0,0,0,1,2
The Moat Surgery,0,0,0,0,1,0,0,0,0,0,0,0,1
"The Office for Standards in Education, Children Services and Skills",0,0,0,0,1,0,0,0,0,0,0,0,1
Thornton and Ross Ltd,0,0,0,0,1,0,0,0,0,0,0,0,1
Tonic Construction Ltd,0,0,0,0,1,0,0,0,0,0,0,0,1
Tynant Nursing Home,0,0,0,0,1,0,0,0,0,0,0,0,1
UK Home Care,0,0,0,0,1,0,0,0,0,0,0,0,1
University Hospitals Bristol and Weston NHS Foundation Trust,0,0,0,0,1,0,1,0,0,1,2,0,5
University of Hertfordshire,0,0,0,0,1,0,0,0,0,0,0,0,1
University of Sussex,0,0,0,0,1,0,0,0,0,0,0,0,1
Vascular Access Society of Britain and Ireland,0,0,0,0,1,0,0,0,0,0,0,0,1
Volvo Group UK Limited,0,0,0,0,1,0,0,0,0,0,0,0,1
Wanstead Place Surgery,0,0,0,0,1,0,0,0,0,0,0,0,1
Waveney River Centre,0,0,0,0,1,0,0,0,0,0,0,0,1
Wells Pharmacy,0,0,0,0,1,0,0,0,0,0,0,0,1
Wells Road Surgery,0,0,0,0,1,0,0,0,0,0,0,0,1
Wirral University Teaching Hospital NHS Foundation Trust,0,0,0,0,1,0,0,0,0,0,1,0,2
Woodley Centre Surgery,0,0,0,0,1,0,0,0,0,0,0,0,1
Wrexham County Borough Council,0,0,0,0,1,0,0,0,1,1,0,0,3
Yorkshire Care Equipment,0,0,0,0,1,0,0,0,0,0,0,0,1
Yorkshire Water,0,0,0,0,1,0,0,0,1,0,0,0,2
Your Housing,0,0,0,0,1,0,0,0,0,0,0,0,1
Calderdale Council,0,0,0,0,0,4,2,1,1,1,0,1,10
"NHS Bedfordshire, Luton and Milton Keynes Integrated Care Board",0,0,0,0,0,3,2,0,0,0,2,0,7
BAE Systems,0,0,0,0,0,2,0,0,0,0,0,0,2
British Cycling,0,0,0,0,0,2,0,0,0,0,0,0,2
Isle of Wight Council,0,0,0,0,0,2,1,1,1,0,0,0,5
Leeds City Council,0,0,0,0,0,2,1,0,2,0,2,1,8
NHS Coventry and Warwickshire Integrated Care Board,0,0,0,0,0,2,0,0,0,0,0,0,2
NHS Humber and North Yorkshire Integrated Care Board,0,0,0,0,0,2,0,0,0,1,0,0,3
National Fire Chiefs Council,0,0,0,0,0,2,0,0,0,1,1,0,4
North Laine Medical Centre,0,0,0,0,0,2,0,0,0,0,0,0,2
Adbolton Hall Nursing Home,0,0,0,0,0,1,0,0,0,0,0,0,1
Addaction,0,0,0,0,0,1,0,0,0,0,0,0,1
Addcounsel,0,0,0,0,0,1,0,0,0,0,0,0,1
Adelaide Medical Centre,0,0,0,0,0,1,0,0,0,0,0,0,1
Airedale NHS Foundation Trust,0,0,0,0,0,1,0,0,0,0,0,0,1
Alliance Pharmaceuticals,0,0,0,0,0,1,0,0,0,0,0,0,1
Arboricultural Association,0,0,0,0,0,1,0,0,0,0,0,0,1
Audlem Medical Practice,0,0,0,0,0,1,0,0,0,0,0,0,1
Avenue House Nursing and Care Home,0,0,0,0,0,1,0,0,0,0,0,0,1
B & D Civil Engineering Limited,0,0,0,0,0,1,0,0,0,0,0,0,1
Balfour Beatty,0,0,0,0,0,1,0,0,0,1,0,0,2
Bannatyne Group,0,0,0,0,0,1,0,0,0,0,0,0,1
Baycroft Care Homes,0,0,0,0,0,1,0,0,0,0,0,0,1
Bedford Borough Council,0,0,0,0,0,1,0,0,0,0,0,0,1
Beechwood Lodge Care Home,0,0,0,0,0,1,0,0,0,0,0,0,1
Berkshire Healthcare NHS Foundation Trust,0,0,0,0,0,1,0,2,0,0,1,3,7
Bradford District Care NHS Foundation Trust,0,0,0,0,0,1,0,1,0,0,0,0,2
Brancaster Care,0,0,0,0,0,1,0,0,0,0,0,0,1
British Association of Dermatologists,0,0,0,0,0,1,0,0,0,0,0,0,1
Broadgate General Practice,0,0,0,0,0,1,0,0,0,0,0,0,1
Buckinghamshire Healthcare NHS Trust,0,0,0,0,0,1,0,0,0,0,0,0,1
CRG Lead Commissioner,0,0,0,0,0,1,0,0,0,0,0,0,1
Canary Wharf Group PLC,0,0,0,0,0,1,0,0,0,0,0,0,1
Careworld London Limited,0,0,0,0,0,1,0,0,0,0,0,0,1
Carlsberg Supply Co Ltd,0,0,0,0,0,1,0,0,0,0,0,0,1
Chartered Institution of Wastes Management,0,0,0,0,0,1,0,0,0,0,0,0,1
Children and Family Court Advisory and Support Service,0,0,0,0,0,1,1,0,0,0,0,0,2
City of Wolverhampton Council,0,0,0,0,0,1,1,1,0,1,0,0,4
Clifton Suspension Bridge Trust,0,0,0,0,0,1,0,0,0,0,0,0,1
Compton Lodge Care Home,0,0,0,0,0,1,0,0,0,0,0,0,1
Construction Industry Council,0,0,0,0,0,1,0,0,0,1,0,0,2
Cornwall Health,0,0,0,0,0,1,0,0,0,0,0,0,1
Crossroads House Care Home,0,0,0,0,0,1,0,0,0,0,0,0,1
Dairy Lane Care Centre,0,0,0,0,0,1,0,0,0,0,0,0,1
Denton Medical Centre,0,0,0,0,0,1,0,0,0,0,0,0,1
"Department for Culture, Media and Sport",0,0,0,0,0,1,3,1,2,1,6,4,18
"Department for Environment, Food and Rural Affairs",0,0,0,0,0,1,2,1,1,0,2,0,7
Derbyshire County Council,0,0,0,0,0,1,1,0,1,1,0,0,4
Derwent Students,0,0,0,0,0,1,0,0,0,0,0,0,1
Diocese of Westminster,0,0,0,0,0,1,0,0,0,0,0,0,1
Dorset County Hospital NHS Foundation Trust,0,0,0,0,0,1,0,0,0,0,0,1,2
Dorset Police,0,0,0,0,0,1,1,0,1,2,2,0,7
EAM Care Group,0,0,0,0,0,1,0,0,0,0,0,0,1
East Sussex Healthcare NHS Trust,0,0,0,0,0,1,0,0,0,1,0,1,3
Eden Park Surgery,0,0,0,0,0,1,0,0,0,0,0,0,1
Edgeley Medical Centre,0,0,0,0,0,1,0,0,0,0,0,0,1
Elizabeth House Oldham Limited,0,0,0,0,0,1,0,0,0,0,0,0,1
Environmental Services Associations,0,0,0,0,0,1,0,0,0,0,0,0,1
FirstPort Property Services,0,0,0,0,0,1,0,0,0,0,0,0,1
Fitness First,0,0,0,0,0,1,0,0,0,0,0,0,1
Football Association,0,0,0,0,0,1,0,0,0,0,0,0,1
Forestry Commission,0,0,0,0,0,1,0,0,0,0,0,0,1
Future Care & Social Care Association,0,0,0,0,0,1,0,0,0,0,0,0,1
Goals Soccer Centres PLC,0,0,0,0,0,1,0,0,0,0,0,0,1
Grange Clinic,0,0,0,0,0,1,0,0,0,0,0,0,1
Great Ormond Street Hospital for Children NHS Foundation Trust,0,0,0,0,0,1,1,0,0,0,0,0,2
Guinness Care,0,0,0,0,0,1,0,0,0,0,0,0,1
HM Inspectorate of Prisons,0,0,0,0,0,1,2,0,0,0,1,0,4
HM Inspectorate of Probation,0,0,0,0,0,1,0,0,0,0,0,0,1
HM Prison Elmley,0,0,0,0,0,1,0,0,1,0,0,0,2
HM Prison Rye Hill,0,0,0,0,0,1,0,0,0,0,0,0,1
HM Prison Thameside,0,0,0,0,0,1,0,0,0,0,1,0,2
HM Prison Wormwood Scrubs,0,0,0,0,0,1,1,0,0,0,0,0,2
HM Prison Wymott,0,0,0,0,0,1,0,1,0,0,0,0,2
Haulage Contractors Limited,0,0,0,0,0,1,0,0,0,0,0,0,1
Haven Day Care Centre,0,0,0,0,0,1,0,0,0,0,0,0,1
Heritage Attractions Ltd,0,0,0,0,0,1,0,0,0,0,0,0,1
Hoults Limited,0,0,0,0,0,1,0,0,0,0,0,0,1
Human Race Limited,0,0,0,0,0,1,0,0,0,0,0,0,1
Humber Bridge Board,0,0,0,0,0,1,0,0,0,0,0,0,1
Hylton View Care Home,0,0,0,0,0,1,0,0,0,0,0,0,1
Independent Advisory Panel on Deaths in Custody,0,0,0,0,0,1,1,0,0,0,0,0,2
"Independent Futures, Southwinds Care Home",0,0,0,0,0,1,0,0,0,0,0,0,1
Independent Healthcare Providers Network,0,0,0,0,0,1,0,0,0,0,0,0,1
Joseph Holt Brewery,0,0,0,0,0,1,0,0,0,0,0,0,1
Kendal Calling,0,0,0,0,0,1,0,0,0,0,0,0,1
LTE Group,0,0,0,0,0,1,0,0,0,0,0,0,1
Lambeth Council,0,0,0,0,0,1,0,1,0,0,0,0,2
Lancs & Cumbria Lifts UK Ltd,0,0,0,0,0,1,0,0,0,0,0,0,1
Lands End Resort,0,0,0,0,0,1,0,0,0,0,0,0,1
Liverpool Heart and Chest Hospital NHS Foundation Trust,0,0,0,0,0,1,0,0,2,0,0,0,3
Livewell Southwest,0,0,0,0,0,1,0,0,0,0,0,0,1
Lodge Road Surgery,0,0,0,0,0,1,0,0,0,0,0,0,1
London Northwestern Railway,0,0,0,0,0,1,0,0,0,0,0,0,1
M & S Water Services,0,0,0,0,0,1,0,0,0,0,0,0,1
Masta Limited,0,0,0,0,0,1,0,0,0,0,0,0,1
Medico Legal Manager,0,0,0,0,0,1,0,0,0,0,0,0,1
Midgehole Working Mens Club,0,0,0,0,0,1,0,0,0,0,0,0,1
Milestones Trust,0,0,0,0,0,1,0,0,0,0,0,0,1
Milford House Care Home,0,0,0,0,0,1,0,0,0,0,0,0,1
Morecambe Bay Clinical Commissioning Group,0,0,0,0,0,1,0,0,0,0,0,0,1
NHS Cornwall and the Isles of Scilly Integrated Care Board,0,0,0,0,0,1,0,0,0,0,0,0,1
NHS Dorset Integrated Care Board,0,0,0,0,0,1,0,0,0,1,1,0,3
NHS Herefordshire and Worcestershire Integrated Care Board,0,0,0,0,0,1,0,0,0,1,0,0,2
NHS Professionals Limited,0,0,0,0,0,1,1,0,0,0,0,0,2
NHS Staffordshire and Stoke-on-Trent Integrated Care Board,0,0,0,0,0,1,0,1,0,0,0,0,2
NHS West Yorkshire Integrated Care Board,0,0,0,0,0,1,0,0,0,0,2,2,5
"NPCC, Dyfed-Powys Police",0,0,0,0,0,1,0,0,0,0,0,0,1
National Express West Midlands,0,0,0,0,0,1,0,0,0,0,0,0,1
New Lodge Nursing Home,0,0,0,0,0,1,0,0,1,0,0,0,2
North & Mid Wales Trunk Road Agency,0,0,0,0,0,1,0,0,0,0,0,0,1
Northamptonshire County Council,0,0,0,0,0,1,0,0,0,0,0,0,1
Oaks Medical Centre,0,0,0,0,0,1,0,0,0,0,0,0,1
PJ Care,0,0,0,0,0,1,0,0,0,0,0,0,1
Park & Francis Surgery,0,0,0,0,0,1,0,0,0,0,0,0,1
Patrick Stead Hospital,0,0,0,0,0,1,0,0,0,0,0,0,1
Peel Holdings,0,0,0,0,0,1,0,0,0,0,0,0,1
Persona Care and Support Ltd,0,0,0,0,0,1,0,0,0,0,0,0,1
Pfizer,0,0,0,0,0,1,0,0,0,0,0,0,1
Pret a Manger,0,0,0,0,0,1,0,0,0,0,0,0,1
Radcliffe Investment Properties,0,0,0,0,0,1,0,0,0,0,0,0,1
Ramsay Healthcare UK,0,0,0,0,0,1,0,0,0,0,0,0,1
Rochdale Borough Council,0,0,0,0,0,1,0,0,0,0,0,0,1
Roman Catholic Church of England and Wales,0,0,0,0,0,1,0,0,0,0,0,0,1
Rookery Medical Centre,0,0,0,0,0,1,0,0,0,0,0,0,1
Rose Builders and Contractors Ltd,0,0,0,0,0,1,0,0,0,0,0,0,1
Rosehill House Care Home,0,0,0,0,0,1,0,0,0,0,0,0,1
Royal Berkshire NHS Foundation Trust,0,0,0,0,0,1,0,0,0,1,2,1,5
Scottish Cycling,0,0,0,0,0,1,0,0,0,0,0,0,1
Services for Children,0,0,0,0,0,1,0,0,0,0,0,0,1
Shepherds Bush Medical Centre,0,0,0,0,0,1,0,0,0,0,0,0,1
Shindig Events Limited,0,0,0,0,0,1,0,0,0,0,0,0,1
Skillsforcare,0,0,0,0,0,1,0,0,0,0,0,0,1
Somerset NHS Foundation Trust,0,0,0,0,0,1,0,0,0,1,0,1,3
South London Islamic Centre,0,0,0,0,0,1,0,0,0,0,0,0,1
"Speaker’s Counsel, for the attention of the Parliamentary Authorities at the Palace",0,0,0,0,0,1,0,0,0,0,0,0,1
St Lukes Primary Care Centre,0,0,0,0,0,1,0,0,0,0,0,0,1
Staffordshire Police,0,0,0,0,0,1,0,0,2,0,0,0,3
Surrey Police,0,0,0,0,0,1,4,2,0,1,1,0,9
Sutton Local Safeguarding Children’s Board,0,0,0,0,0,1,0,0,0,0,0,0,1
The Children’s Guardian,0,0,0,0,0,1,0,0,0,0,0,0,1
The Financial Conduct Authority,0,0,0,0,0,1,0,0,0,0,0,0,1
The Waterfield Practice,0,0,0,0,0,1,0,0,0,0,0,0,1
Thomas Cook,0,0,0,0,0,1,0,0,0,0,0,0,1
Together Housing,0,0,0,0,0,1,0,0,0,0,0,0,1
Toxbase,0,0,0,0,0,1,0,0,0,0,0,0,1
Trading Standards Institute,0,0,0,0,0,1,0,0,0,0,0,0,1
Transport for West Midlands,0,0,0,0,0,1,0,0,0,0,0,0,1
Treanor Pujol Limited,0,0,0,0,0,1,0,0,0,0,0,0,1
Twinglobe Care Homes Limited,0,0,0,0,0,1,0,0,0,0,0,0,1
UK Active,0,0,0,0,0,1,0,0,0,0,0,0,1
Wandsworth Borough Council,0,0,0,0,0,1,0,0,0,1,0,0,2
Wandsworth Drug & Alcohol Service,0,0,0,0,0,1,0,0,0,0,0,0,1
"Wandsworth, Merton, Richmond and Sutton Borough Council",0,0,0,0,0,1,0,0,0,0,0,0,1
Waste Industry Safety & Health Forum,0,0,0,0,0,1,0,0,0,0,0,0,1
Welsh Cycling,0,0,0,0,0,1,0,0,0,0,0,0,1
West Midlands Fire Service,0,0,0,0,0,1,0,0,0,0,0,0,1
West Quay Surgery,0,0,0,0,0,1,0,0,0,0,0,0,1
West Suffolk NHS Foundation Trust,0,0,0,0,0,1,0,2,0,0,0,0,3
West Yorkshire Fire and Rescue Service,0,0,0,0,0,1,0,0,0,0,0,0,1
Wiltshire Police,0,0,0,0,0,1,1,1,0,0,1,0,4
Worcestershire County Council,0,0,0,0,0,1,0,0,0,1,0,0,2
Zinnia Healthcare Limited,0,0,0,0,0,1,0,0,0,0,0,0,1
Cheshire East Council,0,0,0,0,0,0,6,0,0,1,0,0,7
Road Haulage Association,0,0,0,0,0,0,3,0,0,0,0,0,3
BT,0,0,0,0,0,0,2,0,0,1,0,0,3
Capita,0,0,0,0,0,0,2,0,1,0,1,0,4
"Cumbria, Northumberland, Tyne and Wear NHS Foundation Trust",0,0,0,0,0,0,2,0,2,1,3,2,10
Lancashire Constabulary,0,0,0,0,0,0,2,0,0,0,1,0,3
London North West University Healthcare NHS Trust,0,0,0,0,0,0,2,0,0,1,1,0,4
NHS Hampshire and Isle of Wight Integrated Care Board,0,0,0,0,0,0,2,0,0,0,2,0,4
Sheffield Children’s NHS Foundation Trust,0,0,0,0,0,0,2,0,0,0,2,1,5
Slough Borough Council,0,0,0,0,0,0,2,0,0,0,0,0,2
Thames Valley Police,0,0,0,0,0,0,2,0,0,1,0,1,4
University Hospitals of Derby and Burton NHS Foundation Trust,0,0,0,0,0,0,2,3,0,1,3,2,11
University of Bristol,0,0,0,0,0,0,2,0,0,0,0,0,2
1st For Health International,0,0,0,0,0,0,1,0,0,0,0,0,1
999-112 Liaison Committee,0,0,0,0,0,0,1,0,0,0,0,0,1
AR1 Homecare Limited,0,0,0,0,0,0,1,0,0,0,0,0,1
Advocacy Together,0,0,0,0,0,0,1,0,0,0,0,0,1
Amgen,0,0,0,0,0,0,1,0,0,0,0,0,1
Angel Solutions UK Limited,0,0,0,0,0,0,1,0,0,0,0,0,1
Antron Manor Care Home,0,0,0,0,0,0,1,0,0,0,0,0,1
Beatson Clark,0,0,0,0,0,0,1,0,0,0,0,0,1
Beechdale Medical Group,0,0,0,0,0,0,1,0,0,0,0,0,1
Blatchington Mill School,0,0,0,0,0,0,1,0,0,0,0,0,1
Boehringer Ingelheim Limited,0,0,0,0,0,0,1,0,0,0,0,0,1
Boots UK Limited,0,0,0,0,0,0,1,0,0,1,0,0,2
"Bournemouth, Christchurch and Poole Council",0,0,0,0,0,0,1,2,1,1,1,1,7
Brace Street Health Centre,0,0,0,0,0,0,1,0,0,0,0,0,1
Brighton and Hove City Council,0,0,0,0,0,0,1,1,1,0,0,0,3
British Cardiovascular,0,0,0,0,0,0,1,0,0,0,0,0,1
British Heart Foundation,0,0,0,0,0,0,1,0,0,0,0,0,1
British Transplantation Society,0,0,0,0,0,0,1,0,0,0,0,0,1
British Vehicle Rental and Leasing Association,0,0,0,0,0,0,1,0,0,0,0,0,1
Byron Hamburgers,0,0,0,0,0,0,1,0,0,0,0,0,1
Cambridgeshire Constabulary,0,0,0,0,0,0,1,0,0,0,0,0,1
Camino Healthcare,0,0,0,0,0,0,1,0,0,0,0,0,1
Cardiff University,0,0,0,0,0,0,1,0,1,0,0,0,2
Care Inn Limited,0,0,0,0,0,0,1,0,0,0,0,0,1
Care Inspectorate Wales,0,0,0,0,0,0,1,0,0,0,0,0,1
Carewatch,0,0,0,0,0,0,1,0,0,0,0,0,1
Central Medical Services,0,0,0,0,0,0,1,0,0,0,0,0,1
Charing Healthcare,0,0,0,0,0,0,1,0,0,0,0,0,1
Chemical Business Association,0,0,0,0,0,0,1,0,0,0,0,0,1
Cheshire Constabulary,0,0,0,0,0,0,1,0,0,0,2,0,3
Cheshire Fire and Rescue Service,0,0,0,0,0,0,1,0,0,0,0,0,1
Cheshire West and Chester Council,0,0,0,0,0,0,1,0,0,0,0,0,1
Chilton Care Centre,0,0,0,0,0,0,1,0,0,0,0,0,1
City of London Police,0,0,0,0,0,0,1,0,1,0,0,0,2
Coed Duon Care Home,0,0,0,0,0,0,1,0,0,0,0,0,1
Cole Valley Care Limited,0,0,0,0,0,0,1,0,1,0,0,0,2
Cowes Week Limited,0,0,0,0,0,0,1,0,0,0,0,0,1
Creative Support Limited,0,0,0,0,0,0,1,0,0,0,0,0,1
Croydon Council,0,0,0,0,0,0,1,0,0,0,0,0,1
Crystal Care Limited,0,0,0,0,0,0,1,0,0,0,0,0,1
DAF Trucks Ltd,0,0,0,0,0,0,1,0,0,0,0,0,1
Darwin medical Practice,0,0,0,0,0,0,1,0,0,0,0,0,1
Delamere Medical Practice,0,0,0,0,0,0,1,0,0,0,0,0,1
Drayton Manor Theme Park,0,0,0,0,0,0,1,0,0,0,0,0,1
Duchy of Cornwall,0,0,0,0,0,0,1,0,0,0,0,0,1
Each Step Nursing Home,0,0,0,0,0,0,1,0,0,0,0,0,1
Edgehill Care Home,0,0,0,0,0,0,1,0,0,0,0,0,1
Egg London Nightclub,0,0,0,0,0,0,1,0,0,0,0,0,1
Emral House Nursery Home,0,0,0,0,0,0,1,0,0,0,0,0,1
Fern House Surgery,0,0,0,0,0,0,1,0,0,0,0,0,1
"Fernlea Nursing Home, CQC, Stockport CCG",0,0,0,0,0,0,1,0,0,0,0,0,1
First Aid Cover Limited,0,0,0,0,0,0,1,0,0,0,0,0,1
First Class Care,0,0,0,0,0,0,1,0,0,0,0,0,1
Ford UK,0,0,0,0,0,0,1,0,0,0,0,0,1
Friendship Care and Housing Limited,0,0,0,0,0,0,1,0,0,0,0,0,1
GE Healthcare,0,0,0,0,0,0,1,0,0,0,0,0,1
Glebelands Care Team,0,0,0,0,0,0,1,0,0,0,0,0,1
Glenroyd Medical Practice,0,0,0,0,0,0,1,0,0,0,0,0,1
Govia Thameslink Railway,0,0,0,0,0,0,1,0,1,0,0,0,2
Greater Manchester Neurorehabilitation Integrated Stroke Delivery Network,0,0,0,0,0,0,1,0,0,0,0,0,1
Greenbrook Healthcare,0,0,0,0,0,0,1,0,0,0,0,0,1
HM Prison Berwyn,0,0,0,0,0,0,1,0,0,0,0,0,1
"HMP Birmingham, MOJ, G45",0,0,0,0,0,0,1,0,0,0,0,0,1
"HSE, Local Government Association",0,0,0,0,0,0,1,0,0,0,0,0,1
Hamerton Zoological Park,0,0,0,0,0,0,1,0,0,0,0,0,1
Head of Safeguarding,0,0,0,0,0,0,1,0,0,0,0,0,1
Health Services Safety Investigations Body,0,0,0,0,0,0,1,3,1,0,1,0,6
Herts Urgent care Limited,0,0,0,0,0,0,1,0,0,0,0,0,1
Heywood Health,0,0,0,0,0,0,1,0,0,0,0,0,1
Highlands and Trafalgar Square Surgery,0,0,0,0,0,0,1,0,0,0,0,0,1
Hopwood House Medical Practice,0,0,0,0,0,0,1,0,0,0,0,0,1
Hunters Lodge Care Home,0,0,0,0,0,0,1,0,0,0,0,0,1
Inspector of Diving,0,0,0,0,0,0,1,0,0,0,0,0,1
International Maritime Organisation,0,0,0,0,0,0,1,0,0,0,0,0,1
Jigsaw Homes Group,0,0,0,0,0,0,1,0,1,0,0,0,2
Johnnie Johnson Housing,0,0,0,0,0,0,1,0,0,0,0,0,1
Jubilee Stores,0,0,0,0,0,0,1,0,0,0,0,0,1
King's Road Medical Centre,0,0,0,0,0,0,1,0,0,0,0,0,1
Kirklees Council,0,0,0,0,0,0,1,1,1,0,0,0,3
LEC Refrigeration,0,0,0,0,0,0,1,0,0,0,0,0,1
Lakeview Care Home,0,0,0,0,0,0,1,0,0,0,0,0,1
Lancashire County Council,0,0,0,0,0,0,1,1,0,1,1,0,4
Langley Health Centre,0,0,0,0,0,0,1,0,0,0,0,0,1
Leeds Martial Arts College,0,0,0,0,0,0,1,0,0,0,0,0,1
Lisson Grove Health Centre,0,0,0,0,0,0,1,0,0,0,0,0,1
Manchester City Council,0,0,0,0,0,0,1,0,0,0,1,1,3
Medway Community Healthcare,0,0,0,0,0,0,1,0,0,0,0,0,1
Merlin Entertainment Limited,0,0,0,0,0,0,1,0,0,0,0,0,1
Monmouthshire County Council,0,0,0,0,0,0,1,0,0,0,1,0,2
Mylan Pharmaceuticals,0,0,0,0,0,0,1,0,0,0,0,0,1
NHS Frimley Integrated Care Board,0,0,0,0,0,0,1,0,0,0,0,0,1
NHS Lancashire and South Cumbria Integrated Care Board,0,0,0,0,0,0,1,0,1,0,2,0,4
NHS Mid and South Essex Integrated Care Board,0,0,0,0,0,0,1,0,0,0,0,0,1
NHS Norfolk and Waveney Integrated Care Board,0,0,0,0,0,0,1,0,1,0,1,1,4
NHS South Yorkshire Integrated Care Board,0,0,0,0,0,0,1,0,0,2,1,0,4
NHS Suffolk,0,0,0,0,0,0,1,0,0,0,0,0,1
National Ambulance Resilience Unit,0,0,0,0,0,0,1,0,0,0,0,1,2
National Ambulance Services Medical Directors,0,0,0,0,0,0,1,0,0,0,0,1,2
National Autistic Society,0,0,0,0,0,0,1,0,0,0,0,0,1
National Counter Terrorism Security Office,0,0,0,0,0,0,1,0,0,0,0,0,1
Newcastle City Council,0,0,0,0,0,0,1,1,0,0,0,1,3
Newport City Council,0,0,0,0,0,0,1,0,0,0,0,0,1
North Somerset Council,0,0,0,0,0,0,1,0,0,0,0,1,2
Nuffield Health,0,0,0,0,0,0,1,0,1,0,0,0,2
Oasis Recovery Communities,0,0,0,0,0,0,1,0,0,0,0,0,1
Occupational Safety Manager,0,0,0,0,0,0,1,0,0,0,0,0,1
Office for Product Safety and Standards,0,0,0,0,0,0,1,1,0,0,3,2,7
One Housing,0,0,0,0,0,0,1,0,0,0,0,0,1
PLASA,0,0,0,0,0,0,1,0,0,0,0,0,1
Park Holiday UK Limited,0,0,0,0,0,0,1,0,0,0,0,0,1
Parkview Practice,0,0,0,0,0,0,1,0,0,0,0,0,1
Pentree Lodge Home,0,0,0,0,0,0,1,0,0,0,0,0,1
Persimmon Homes,0,0,0,0,0,0,1,0,0,0,0,0,1
Powys Teaching Health Board,0,0,0,0,0,0,1,0,0,1,0,0,2
Professional Trades Union for Prison Correctional and Secure Psychiatric Workers,0,0,0,0,0,0,1,0,0,0,0,0,1
RCI,0,0,0,0,0,0,1,0,0,0,0,0,1
RCPLT,0,0,0,0,0,0,1,0,0,0,0,0,1
RPFI,0,0,0,0,0,0,1,0,0,0,0,0,1
Reinbek Care Home,0,0,0,0,0,0,1,0,0,0,0,0,1
Rochdale Adult Care,0,0,0,0,0,0,1,0,0,0,0,0,1
Rope Green Medical Centre,0,0,0,0,0,0,1,0,0,0,0,0,1
Roseberry Care Centres,0,0,0,0,0,0,1,0,0,0,0,0,1
Rosewood Healthcare Group,0,0,0,0,0,0,1,0,0,0,0,0,1
Rossmere Park Care Home,0,0,0,0,0,0,1,0,0,0,0,0,1
Roundhouse,0,0,0,0,0,0,1,0,0,0,0,0,1
Royal Borough of Kensington and Chelsea,0,0,0,0,0,0,1,0,0,0,0,0,1
Royal Docks Medical Practice,0,0,0,0,0,0,1,0,0,0,0,0,1
Royal Institute of British Architects,0,0,0,0,0,0,1,0,0,0,0,0,1
Royton & Crompton Family Practice,0,0,0,0,0,0,1,0,0,0,0,0,1
S & J Transport,0,0,0,0,0,0,1,0,0,0,0,0,1
Sapphire House,0,0,0,0,0,0,1,0,0,0,0,0,1
Scania,0,0,0,0,0,0,1,0,0,0,0,0,1
Secret Intelligence Service,0,0,0,0,0,0,1,0,0,0,0,0,1
Shaw Healthcare,0,0,0,0,0,0,1,0,0,0,0,0,1
Sheffield Teaching Hospitals NHS Foundation Trust,0,0,0,0,0,0,1,1,2,3,0,2,9
Shropshire Safeguarding Community Partnership,0,0,0,0,0,0,1,0,0,0,0,0,1
Sixth Form Colleges Association,0,0,0,0,0,0,1,0,0,0,0,0,1
South Warwickshire University NHS Foundation Trust,0,0,0,0,0,0,1,1,1,0,1,0,4
Sphere Risk & Safety Management Ltd,0,0,0,0,0,0,1,0,0,0,0,0,1
Spire Healthcare Limited,0,0,0,0,0,0,1,0,0,1,2,0,4
St Chads Medical Practice,0,0,0,0,0,0,1,0,0,0,0,0,1
Stamford Quarter Shopping Centre,0,0,0,0,0,0,1,0,0,0,0,0,1
StockXS Limited,0,0,0,0,0,0,1,0,0,0,0,0,1
Stone Federation of GB,0,0,0,0,0,0,1,0,0,0,0,0,1
Suffolk County Council,0,0,0,0,0,0,1,1,1,2,0,1,6
SystemOne TPP Ltd,0,0,0,0,0,0,1,0,0,0,0,0,1
The Bexley Medical Group,0,0,0,0,0,0,1,0,0,0,0,0,1
The Crossings Hostel Hull,0,0,0,0,0,0,1,0,0,0,0,0,1
The Peligoni Club,0,0,0,0,0,0,1,0,0,0,0,0,1
The Roundwood Medical Centre,0,0,0,0,0,0,1,0,0,0,0,0,1
The Secretary of State for Housing,0,0,0,0,0,0,1,0,0,0,0,0,1
The Security Service,0,0,0,0,0,0,1,0,1,0,0,0,2
The Student Health Service,0,0,0,0,0,0,1,0,0,0,0,0,1
The Village Medical Centre,0,0,0,0,0,0,1,0,0,0,0,0,1
Thornton Heath Medical Practice,0,0,0,0,0,0,1,0,0,0,0,0,1
Torbay and South Devon NHS Foundation Trust,0,0,0,0,0,0,1,0,0,0,0,1,2
Traffic Commissioners for Great Britain,0,0,0,0,0,0,1,1,0,0,0,0,2
Transitional Rehabilitation Unit LTD,0,0,0,0,0,0,1,0,0,0,0,0,1
Treatment Direct Limited,0,0,0,0,0,0,1,0,0,0,0,0,1
Trent and Dove Social Housing,0,0,0,0,0,0,1,0,0,0,0,0,1
Turning Point,0,0,0,0,0,0,1,0,1,1,0,0,3
URBN UK Ltd,0,0,0,0,0,0,1,0,0,0,0,0,1
Universities and Colleges Admissions Service,0,0,0,0,0,0,1,0,0,1,0,0,2
University of Birmingham,0,0,0,0,0,0,1,0,1,0,0,0,2
University of the Arts London,0,0,0,0,0,0,1,0,0,0,0,0,1
Unusual Rigging Ltd,0,0,0,0,0,0,1,0,0,0,0,0,1
Upwell Street Surgery,0,0,0,0,0,0,1,0,0,0,0,0,1
Urban Housing Services,0,0,0,0,0,0,1,0,0,0,0,0,1
Vantage Drilling Company,0,0,0,0,0,0,1,0,0,0,0,0,1
West Timperley Medical Centre,0,0,0,0,0,0,1,0,0,0,0,0,1
White Branch Live Limited,0,0,0,0,0,0,1,0,0,0,0,0,1
Whitelock Development,0,0,0,0,0,0,1,0,0,0,0,0,1
William Perkin High School,0,0,0,0,0,0,1,0,0,0,0,0,1
Worthing Homes,0,0,0,0,0,0,1,0,0,0,0,0,1
Wye Valley NHS Trust,0,0,0,0,0,0,1,1,0,1,2,0,5
Staffordshire Fire and Rescue Service,0,0,0,0,0,0,0,2,0,0,0,0,2
Surrey and Sussex Healthcare NHS Trust,0,0,0,0,0,0,0,2,0,2,3,1,8
Able Care and Support Services Ltd,0,0,0,0,0,0,0,1,0,0,0,0,1
Advanced Health and Care Ltd,0,0,0,0,0,0,0,1,0,0,0,0,1
Alexandra View Care Home,0,0,0,0,0,0,0,1,0,0,0,0,1
Ashford Borough Council,0,0,0,0,0,0,0,1,0,0,0,0,1
Barnet Council,0,0,0,0,0,0,0,1,0,0,0,0,1
Bassetlaw,0,0,0,0,0,0,0,1,0,0,0,0,1
Bausch & Lomb UK Ltd,0,0,0,0,0,0,0,1,0,0,0,0,1
Beech Dene Residential Home,0,0,0,0,0,0,0,1,0,0,0,0,1
Belgravia Care Home Ltd,0,0,0,0,0,0,0,1,0,0,0,0,1
British Association of Aesthetic Plastic Surgeons,0,0,0,0,0,0,0,1,0,0,0,0,1
"British Association of Plastic, Reconstructive and Aesthetic Surgeons",0,0,0,0,0,0,0,1,0,0,0,0,1
British Hang Gliding and Paragliding Association,0,0,0,0,0,0,0,1,0,0,0,0,1
British Standards Institution,0,0,0,0,0,0,0,1,0,2,0,1,4
Cadent Gas Ltd,0,0,0,0,0,0,0,1,0,0,0,0,1
Castle Rock Group,0,0,0,0,0,0,0,1,0,0,1,0,2
Central London Community Healthcare NHS Trust,0,0,0,0,0,0,0,1,0,1,0,0,2
City and County Healthcare Group,0,0,0,0,0,0,0,1,0,0,0,0,1
Clinisys UK,0,0,0,0,0,0,0,1,0,0,0,0,1
Coventry University,0,0,0,0,0,0,0,1,0,0,0,0,1
Crown Care,0,0,0,0,0,0,0,1,0,0,0,0,1
Department for Business and Trade,0,0,0,0,0,0,0,1,0,0,0,1,2
Disclosure and Barring Service,0,0,0,0,0,0,0,1,0,0,1,1,3
EFAS,0,0,0,0,0,0,0,1,0,0,0,0,1
Ebay UK Ltd,0,0,0,0,0,0,0,1,0,0,0,0,1
Egton Medical Information Systems,0,0,0,0,0,0,0,1,2,1,3,2,9
Emergency Call Prioritisation Advisory Group,0,0,0,0,0,0,0,1,0,0,0,0,1
First Response Group,0,0,0,0,0,0,0,1,0,0,0,0,1
GP Surgery Parkway Health Centre,0,0,0,0,0,0,0,1,0,0,0,0,1
GRS Recovery,0,0,0,0,0,0,0,1,0,0,0,0,1
Gas Safe Register,0,0,0,0,0,0,0,1,0,0,0,0,1
Glenholme Holdingham Grange Care Home,0,0,0,0,0,0,0,1,0,0,0,0,1
Gloucestershire Police,0,0,0,0,0,0,0,1,0,0,0,0,1
Greater Manchester Medicines Management Group,0,0,0,0,0,0,0,1,0,0,0,0,1
Gwent Police,0,0,0,0,0,0,0,1,0,0,0,1,2
HM Prison Dovegate,0,0,0,0,0,0,0,1,1,0,0,0,2
HM Prison Garth,0,0,0,0,0,0,0,1,0,0,0,1,2
Health and Communities Wakefield,0,0,0,0,0,0,0,1,0,0,0,0,1
Hertfordshire Constabulary,0,0,0,0,0,0,0,1,1,0,0,1,3
High Commissioner for Saint Lucia to the UK,0,0,0,0,0,0,0,1,0,0,0,0,1
Housing of Vulnerable People (Building Safety),0,0,0,0,0,0,0,1,0,0,0,0,1
Incarace,0,0,0,0,0,0,0,1,0,0,0,0,1
Independent Monitoring Board,0,0,0,0,0,0,0,1,0,0,0,0,1
Informa Healthcare,0,0,0,0,0,0,0,1,0,0,0,0,1
Institution of Gas Engineers & Managers,0,0,0,0,0,0,0,1,0,0,0,0,1
JV Ltd,0,0,0,0,0,0,0,1,0,0,0,0,1
Jet2.com Ltd,0,0,0,0,0,0,0,1,0,0,0,0,1
LNER,0,0,0,0,0,0,0,1,0,0,0,0,1
Leek Health Centre,0,0,0,0,0,0,0,1,0,0,0,0,1
Lincolnshire Partnership NHS Foundation Trust,0,0,0,0,0,0,0,1,0,2,0,0,3
Liverpool City Council,0,0,0,0,0,0,0,1,0,0,0,0,1
London Borough of Havering,0,0,0,0,0,0,0,1,0,0,0,0,1
London Central and West,0,0,0,0,0,0,0,1,0,0,0,0,1
Lynmere Nursing home,0,0,0,0,0,0,0,1,0,0,0,0,1
Mansfield and Ashfield,0,0,0,0,0,0,0,1,0,0,0,0,1
Maylands Health Care,0,0,0,0,0,0,0,1,0,0,0,0,1
Meade Close Care Home,0,0,0,0,0,0,0,1,0,0,0,0,1
Merseyside Police,0,0,0,0,0,0,0,1,1,0,1,0,3
Metalchem Ltd,0,0,0,0,0,0,0,1,0,0,0,0,1
Morton Hall Immigration Removal Centre,0,0,0,0,0,0,0,1,0,0,0,0,1
NHS Black Country Pathological Service,0,0,0,0,0,0,0,1,0,0,0,0,1
NHS Midlands and Lancashire Commissioning Support Unit,0,0,0,0,0,0,0,1,0,0,0,0,1
NHS North Central London Integrated Care Board,0,0,0,0,0,0,0,1,0,0,0,0,1
Newark and Sherwood District Council,0,0,0,0,0,0,0,1,0,0,0,0,1
Normanton Village View Nursing Home,0,0,0,0,0,0,0,1,0,0,0,0,1
Nottingham West,0,0,0,0,0,0,0,1,0,0,0,0,1
Nuttall Ltd,0,0,0,0,0,0,0,1,0,0,0,0,1
ORCi,0,0,0,0,0,0,0,1,0,0,0,0,1
PCRSteel Ltd.,0,0,0,0,0,0,0,1,0,0,0,0,1
"Pelham House, West Sussex",0,0,0,0,0,0,0,1,0,0,0,0,1
Physio Control UK Ltd,0,0,0,0,0,0,0,1,0,0,0,0,1
Primary Care Support England,0,0,0,0,0,0,0,1,0,0,0,0,1
Reed Nursing Trust,0,0,0,0,0,0,0,1,0,0,0,0,1
Rossendale Nursing Home,0,0,0,0,0,0,0,1,0,0,0,0,1
Royal Mail,0,0,0,0,0,0,0,1,0,0,0,0,1
Rush Green Medical Centre,0,0,0,0,0,0,0,1,0,0,0,0,1
Rushcliffe,0,0,0,0,0,0,0,1,0,0,0,0,1
Rushcliffe Care,0,0,0,0,0,0,0,1,0,0,0,0,1
SE Galvanisers,0,0,0,0,0,0,0,1,0,0,0,0,1
Scotia Gas Network,0,0,0,0,0,0,0,1,0,0,0,0,1
Select Healthcare,0,0,0,0,0,0,0,1,0,0,0,0,1
"Staffordshire, Shropshire and Black Country Newborn Network",0,0,0,0,0,0,0,1,0,0,0,0,1
Stoke on Trent City Council,0,0,0,0,0,0,0,1,1,0,1,0,3
Sussex Community NHS Foundation Trust,0,0,0,0,0,0,0,1,0,0,0,0,1
Swinhoe Farm,0,0,0,0,0,0,0,1,0,0,0,0,1
Sydenham Green Group General Practice,0,0,0,0,0,0,0,1,0,0,0,0,1
"TUI UK & Ireland, Wigmore House, Wigmore Place, Wigmore, Luton, Bedforshire, LU2 9TN",0,0,0,0,0,0,0,1,0,0,0,0,1
Tendring District Council,0,0,0,0,0,0,0,1,0,0,0,0,1
Tettenhall Medical Practice,0,0,0,0,0,0,0,1,0,0,0,0,1
The Limes Sheltered Housing,0,0,0,0,0,0,0,1,0,0,0,0,1
The Scout Association,0,0,0,0,0,0,0,1,0,0,0,1,2
Three Sisters Care Ltd,0,0,0,0,0,0,0,1,0,0,0,0,1
Tradomi S L Transporte,0,0,0,0,0,0,0,1,0,0,0,0,1
UNMH,0,0,0,0,0,0,0,1,0,0,0,0,1
We Are With You charity,0,0,0,0,0,0,0,1,0,0,0,0,1
Wellsky,0,0,0,0,0,0,0,1,0,0,0,0,1
Winchmore Hill Practice,0,0,0,0,0,0,0,1,0,0,0,0,1
Woolwich Station Medical Centre,0,0,0,0,0,0,0,1,0,0,0,0,1
Baedling Manor Care Home,0,0,0,0,0,0,0,0,2,0,0,0,2
East Sussex County Council,0,0,0,0,0,0,0,0,2,1,0,0,3
GBUK Enteral,0,0,0,0,0,0,0,0,2,0,0,0,2
HM Prison Belmarsh,0,0,0,0,0,0,0,0,2,1,1,0,4
Mersey and West Lancashire Teaching Hospitals NHS Trust,0,0,0,0,0,0,0,0,2,0,0,0,2
A2Dominion of The Point,0,0,0,0,0,0,0,0,1,0,0,0,1
Abbeyfield The Dales,0,0,0,0,0,0,0,0,1,0,0,0,1
Aden Nursing Home,0,0,0,0,0,0,0,0,1,0,0,0,1
Adullam Homes Housing Association,0,0,0,0,0,0,0,0,1,0,0,0,1
Alvaston Medical Centre,0,0,0,0,0,0,0,0,1,0,0,0,1
Ashfield Surgery Sutton Coldfield,0,0,0,0,0,0,0,0,1,0,0,0,1
Association of British Neurologists,0,0,0,0,0,0,0,0,1,1,0,0,2
Avery Healthcare,0,0,0,0,0,0,0,0,1,0,0,0,1
Bailey Trailers Ltd,0,0,0,0,0,0,0,0,1,0,0,0,1
Blaenau Gwent County Borough Council,0,0,0,0,0,0,0,0,1,0,0,0,1
Bombardier Transportation UK Ltd,0,0,0,0,0,0,0,0,1,0,0,0,1
Bounce Till I Die Events,0,0,0,0,0,0,0,0,1,0,0,0,1
Bradford Teaching Hospitals NHS Foundation Trust,0,0,0,0,0,0,0,0,1,0,0,0,1
British Army,0,0,0,0,0,0,0,0,1,0,0,0,1
British Gliding Association,0,0,0,0,0,0,0,0,1,0,0,0,1
British Kitesurfing Association,0,0,0,0,0,0,0,0,1,0,0,0,1
British Thoracic Society,0,0,0,0,0,0,0,0,1,1,0,0,2
British Transport Police,0,0,0,0,0,0,0,0,1,0,3,1,5
Bucher Municipal Ltd,0,0,0,0,0,0,0,0,1,0,0,0,1
Cambridgeshire County Council,0,0,0,0,0,0,0,0,1,1,4,0,6
Care Outlook Ltd,0,0,0,0,0,0,0,0,1,0,0,1,2
Catholic Standards Safeguarding Agency,0,0,0,0,0,0,0,0,1,0,0,0,1
Cherish Home Care,0,0,0,0,0,0,0,0,1,0,0,0,1
Cherry Orchard Nursing Home,0,0,0,0,0,0,0,0,1,0,0,0,1
Christian Congregation of Jehova’s Witnesses,0,0,0,0,0,0,0,0,1,0,0,0,1
Church of England,0,0,0,0,0,0,0,0,1,0,0,0,1
Clarion Housing Group,0,0,0,0,0,0,0,0,1,1,0,0,2
Clifton Court Nursing Home,0,0,0,0,0,0,0,0,1,0,0,0,1
College of Clinical Perfusion Scientists,0,0,0,0,0,0,0,0,1,0,0,0,1
Croft Shifa Health Centre,0,0,0,0,0,0,0,0,1,0,1,0,2
Cyngor Sir Ceredigion County Council,0,0,0,0,0,0,0,0,1,0,0,0,1
DHL Supply Chain UK,0,0,0,0,0,0,0,0,1,0,0,0,1
David Ake & Co Solicitors,0,0,0,0,0,0,0,0,1,0,0,0,1
Emsworth Surgery,0,0,0,0,0,0,0,0,1,0,0,0,1
England Boxing,0,0,0,0,0,0,0,0,1,0,0,0,1
Environment Agency,0,0,0,0,0,0,0,0,1,0,1,0,2
Faculty of Intensive Care Medicine,0,0,0,0,0,0,0,0,1,0,1,0,2
Festival Republic,0,0,0,0,0,0,0,0,1,0,0,0,1
Forward Trust,0,0,0,0,0,0,0,0,1,1,1,0,3
Free the Way,0,0,0,0,0,0,0,0,1,0,0,0,1
Grassy Meadow Care Centre,0,0,0,0,0,0,0,0,1,0,0,0,1
Gwern Alyn House Residential Home,0,0,0,0,0,0,0,0,1,0,0,0,1
HM Prison Cardiff,0,0,0,0,0,0,0,0,1,0,0,1,2
HM Prison Cookham Wood,0,0,0,0,0,0,0,0,1,0,0,0,1
HM Prison Dartmoor,0,0,0,0,0,0,0,0,1,0,0,0,1
HM Prison Lancaster Farms,0,0,0,0,0,0,0,0,1,0,0,0,1
HM Prison Wakefield,0,0,0,0,0,0,0,0,1,0,1,0,2
Hainault Surgery,0,0,0,0,0,0,0,0,1,0,0,0,1
Harden & Bingley Park Ltd,0,0,0,0,0,0,0,0,1,0,0,0,1
Haringey Council,0,0,0,0,0,0,0,0,1,0,0,0,1
Hart Care Nursing and Residential Home,0,0,0,0,0,0,0,0,1,0,0,0,1
Heathcotes Group,0,0,0,0,0,0,0,0,1,0,0,0,1
Hirst Electrical Plant Hire Services UK Ltd,0,0,0,0,0,0,0,0,1,0,0,0,1
Holmleigh Care Homes Ltd,0,0,0,0,0,0,0,0,1,0,0,0,1
Instastop Ltd,0,0,0,0,0,0,0,0,1,0,0,0,1
Jubilee Court Nursing Home,0,0,0,0,0,0,0,0,1,0,0,0,1
Learning Together Network CIC,0,0,0,0,0,0,0,0,1,0,0,0,1
London Fire Brigade,0,0,0,0,0,0,0,0,1,1,1,1,4
Long Furlong Medical Centre,0,0,0,0,0,0,0,0,1,0,0,0,1
Lower Clapton Group Practice,0,0,0,0,0,0,0,0,1,0,0,0,1
Marble Ideas Ltd,0,0,0,0,0,0,0,0,1,0,0,0,1
Mayday Group,0,0,0,0,0,0,0,0,1,0,0,0,1
MedPure Healthcare,0,0,0,0,0,0,0,0,1,0,0,0,1
Medica Reporting Ltd,0,0,0,0,0,0,0,0,1,0,1,0,2
Moorfields Eye Hospital NHS Foundation Trust,0,0,0,0,0,0,0,0,1,0,0,0,1
My Care Ltd,0,0,0,0,0,0,0,0,1,0,0,0,1
My The Orchards Ltd,0,0,0,0,0,0,0,0,1,0,0,0,1
"NHS Quality, Safety and Investigations",0,0,0,0,0,0,0,0,1,0,0,0,1
National Rifle Association,0,0,0,0,0,0,0,0,1,0,0,0,1
National Small-bore Rifle Association,0,0,0,0,0,0,0,0,1,0,0,0,1
Newbury Park Health Centre,0,0,0,0,0,0,0,0,1,0,0,0,1
Oakridge House Residential Home,0,0,0,0,0,0,0,0,1,0,0,0,1
Office for Students,0,0,0,0,0,0,0,0,1,0,0,0,1
Options for Care Ltd,0,0,0,0,0,0,0,0,1,0,0,0,1
Oxfordshire County Council,0,0,0,0,0,0,0,0,1,1,0,0,2
Patient Transport UK Ltd,0,0,0,0,0,0,0,0,1,0,0,0,1
Paul Wainwright Construction Services Ltd,0,0,0,0,0,0,0,0,1,0,0,0,1
Peabody Trust,0,0,0,0,0,0,0,0,1,0,0,1,2
Philips Electronics UK Ltd,0,0,0,0,0,0,0,0,1,0,0,0,1
Police Service of Northern Ireland,0,0,0,0,0,0,0,0,1,0,0,0,1
Premier Rescue Ambulance Services,0,0,0,0,0,0,0,0,1,0,0,0,1
Riverside Rest Home,0,0,0,0,0,0,0,0,1,0,0,0,1
Rochcare,0,0,0,0,0,0,0,0,1,0,0,0,1
SMA Medical Practice,0,0,0,0,0,0,0,0,1,0,0,0,1
Sherwood Forest Hospitals,0,0,0,0,0,0,0,0,1,0,0,0,1
Society for Cardiothoracic Surgery,0,0,0,0,0,0,0,0,1,0,0,0,1
South Wales Trunk Road Agent,0,0,0,0,0,0,0,0,1,0,0,0,1
Specsavers UK,0,0,0,0,0,0,0,0,1,0,0,0,1
Springfield Health Care Services,0,0,0,0,0,0,0,0,1,0,0,0,1
Suffolk Constabulary,0,0,0,0,0,0,0,0,1,0,0,1,2
Sunnyside Nursing Home,0,0,0,0,0,0,0,0,1,0,0,0,1
Swiss Cottage Special School,0,0,0,0,0,0,0,0,1,0,0,0,1
Taff's Well Medical Centre,0,0,0,0,0,0,0,0,1,0,0,0,1
The Avenues Trust Group,0,0,0,0,0,0,0,0,1,0,0,0,1
The Droylsden Road Family GP Practice,0,0,0,0,0,0,0,0,1,0,0,0,1
Transport Focus,0,0,0,0,0,0,0,0,1,0,0,0,1
UK Tram,0,0,0,0,0,0,0,0,1,0,0,0,1
University of Cambridge,0,0,0,0,0,0,0,0,1,0,0,0,1
University of Oxford,0,0,0,0,0,0,0,0,1,0,0,0,1
University of South Wales,0,0,0,0,0,0,0,0,1,0,0,0,1
Uplands Medical Practice,0,0,0,0,0,0,0,0,1,0,0,0,1
Various recipients – please see the report.,0,0,0,0,0,0,0,0,1,1,0,0,2
WISH,0,0,0,0,0,0,0,0,1,0,0,0,1
Wayne Clarey Roofing & Cladding Ltd,0,0,0,0,0,0,0,0,1,0,0,0,1
Weymouth Street Hospital,0,0,0,0,0,0,0,0,1,0,0,0,1
Widnes Hall Care Home,0,0,0,0,0,0,0,0,1,0,0,0,1
Wilsden Medical Practice,0,0,0,0,0,0,0,0,1,0,0,0,1
Association of Police and Crime Commissioners,0,0,0,0,0,0,0,0,0,2,1,1,4
HM Prison Swansea,0,0,0,0,0,0,0,0,0,2,0,0,2
University of Surrey,0,0,0,0,0,0,0,0,0,2,0,0,2
Air Balloon Surgery,0,0,0,0,0,0,0,0,0,1,0,0,1
Alexandra Palace,0,0,0,0,0,0,0,0,0,1,0,0,1
Alternative Futures Group,0,0,0,0,0,0,0,0,0,1,0,0,1
Atrumed Ltd,0,0,0,0,0,0,0,0,0,1,0,0,1
Barnet Assist,0,0,0,0,0,0,0,0,0,1,0,0,1
Berkeley Home Health,0,0,0,0,0,0,0,0,0,1,0,0,1
Blenheim House Care Home,0,0,0,0,0,0,0,0,0,1,0,0,1
British Association of Urological Surgeons,0,0,0,0,0,0,0,0,0,1,0,0,1
British Diving Safety Group,0,0,0,0,0,0,0,0,0,1,0,0,1
Brunswick Retirement Village,0,0,0,0,0,0,0,0,0,1,0,0,1
Buckinghamshire Council,0,0,0,0,0,0,0,0,0,1,0,0,1
Capital Karts Trading Ltd,0,0,0,0,0,0,0,0,0,1,0,0,1
Cygnet Health Care,0,0,0,0,0,0,0,0,0,1,0,2,3
Donneybrook Medical Centre,0,0,0,0,0,0,0,0,0,1,0,0,1
Downham Grange Care Home,0,0,0,0,0,0,0,0,0,1,0,0,1
EKO-INVEST,0,0,0,0,0,0,0,0,0,1,0,0,1
EURO-EKO,0,0,0,0,0,0,0,0,0,1,0,0,1
Elm Tree Court Care Home,0,0,0,0,0,0,0,0,0,1,0,0,1
Four Seasons Health Care,0,0,0,0,0,0,0,0,0,1,1,0,2
General Chiropractic Council,0,0,0,0,0,0,0,0,0,1,0,0,1
Great Yarmouth Borough Council and Caister-On-Sea Parish Council,0,0,0,0,0,0,0,0,0,1,0,0,1
Green Porch Medical Centre,0,0,0,0,0,0,0,0,0,1,0,0,1
HICA Group,0,0,0,0,0,0,0,0,0,1,0,0,1
HM Prison Guys Marsh,0,0,0,0,0,0,0,0,0,1,1,1,3
HM Prison Lowdham Grange,0,0,0,0,0,0,0,0,0,1,0,0,1
HM Prison Swaleside,0,0,0,0,0,0,0,0,0,1,0,0,1
HM Revenue  Customs,0,0,0,0,0,0,0,0,0,1,0,0,1
"HMP Wakefield, Ministry of Justice",0,0,0,0,0,0,0,0,0,1,0,0,1
Hamilton Community Homes Ltd,0,0,0,0,0,0,0,0,0,1,0,0,1
Hands of Light Academy,0,0,0,0,0,0,0,0,0,1,0,0,1
Health Education and Improvement Wales,0,0,0,0,0,0,0,0,0,1,0,0,1
Healthcare Quality Improvement Partnership,0,0,0,0,0,0,0,0,0,1,0,0,1
Herefordshire Council,0,0,0,0,0,0,0,0,0,1,1,0,2
High St Surgery,0,0,0,0,0,0,0,0,0,1,0,0,1
Holme Farm,0,0,0,0,0,0,0,0,0,1,0,0,1
Holmes Care Group Limited,0,0,0,0,0,0,0,0,0,1,0,0,1
Holy Cross Hospital,0,0,0,0,0,0,0,0,0,1,0,0,1
Home Farm Trust Limited,0,0,0,0,0,0,0,0,0,1,0,0,1
Humankind Charity,0,0,0,0,0,0,0,0,0,1,0,0,1
International Academies of Emergency Dispatch,0,0,0,0,0,0,0,0,0,1,1,0,2
Interweave,0,0,0,0,0,0,0,0,0,1,0,0,1
Kingston Hospital NHS Foundation Trust,0,0,0,0,0,0,0,0,0,1,0,0,1
Lincs Firwood Co Ltd,0,0,0,0,0,0,0,0,0,1,0,0,1
Litch Care for Action,0,0,0,0,0,0,0,0,0,1,0,0,1
MIRUS Wales,0,0,0,0,0,0,0,0,0,1,0,0,1
Major retailers of e-scooters,0,0,0,0,0,0,0,0,0,1,0,0,1
Mercedes-Benz,0,0,0,0,0,0,0,0,0,1,0,0,1
Merthyr Tydfil County Borough Council,0,0,0,0,0,0,0,0,0,1,0,0,1
Motorsport UK,0,0,0,0,0,0,0,0,0,1,0,0,1
NHS Kent and Medway Integrated Care Board,0,0,0,0,0,0,0,0,0,1,3,1,5
NHS North East and North Cumbria Integrated Care Board,0,0,0,0,0,0,0,0,0,1,0,0,1
NHS Suffolk and North East Essex Integrated Care Board,0,0,0,0,0,0,0,0,0,1,0,0,1
National Confidential Inquiry into Suicide and Safety in Mental Health,0,0,0,0,0,0,0,0,0,1,0,0,1
National Diving and Activity Centre,0,0,0,0,0,0,0,0,0,1,0,0,1
Navigo,0,0,0,0,0,0,0,0,0,1,1,0,2
Network Homes,0,0,0,0,0,0,0,0,0,1,0,0,1
Nottingham City Council,0,0,0,0,0,0,0,0,0,1,0,0,1
P3 Charity,0,0,0,0,0,0,0,0,0,1,0,0,1
POM-EKO,0,0,0,0,0,0,0,0,0,1,0,0,1
Plymouth City Council,0,0,0,0,0,0,0,0,0,1,0,0,1
Prime Life Limited,0,0,0,0,0,0,0,0,0,1,0,0,1
Priority Dispatch Corp UK Ltd,0,0,0,0,0,0,0,0,0,1,0,0,1
Queen Elizabeth Hospital King’s Lynn NHS Foundation Trust,0,0,0,0,0,0,0,0,0,1,0,0,1
Radcliffe Manor House Care Home,0,0,0,0,0,0,0,0,0,1,0,0,1
Roseland Care Home,0,0,0,0,0,0,0,0,0,1,0,0,1
Rt Hon Grant Shapps MP,0,0,0,0,0,0,0,0,0,1,0,0,1
Safety Matters (Legal) Limited,0,0,0,0,0,0,0,0,0,1,0,0,1
Safety Matters Ltd,0,0,0,0,0,0,0,0,0,1,0,0,1
Salford City Council,0,0,0,0,0,0,0,0,0,1,0,0,1
Swanage Medical Practice,0,0,0,0,0,0,0,0,0,1,0,0,1
TLC Nursing and Care,0,0,0,0,0,0,0,0,0,1,0,0,1
Tadworth Grove Care Home,0,0,0,0,0,0,0,0,0,1,0,0,1
Tanglewood Cloverleaf Care Home,0,0,0,0,0,0,0,0,0,1,0,0,1
Thames Water,0,0,0,0,0,0,0,0,0,1,0,0,1
Transport Research Laboratory,0,0,0,0,0,0,0,0,0,1,0,0,1
Tricuro,0,0,0,0,0,0,0,0,0,1,0,0,1
Tyne Housing Association,0,0,0,0,0,0,0,0,0,1,0,0,1
UK Health Security Agency,0,0,0,0,0,0,0,0,0,1,3,0,4
UPS,0,0,0,0,0,0,0,0,0,1,0,0,1
Universities Minister,0,0,0,0,0,0,0,0,0,1,0,0,1
Vale of Glamorgan Council,0,0,0,0,0,0,0,0,0,1,0,0,1
Various (please see PFD report),0,0,0,0,0,0,0,0,0,1,0,0,1
Wales prevention of future deaths reports (2019 onwards),0,0,0,0,0,0,0,0,0,1,0,0,1
Westlands Care Home,0,0,0,0,0,0,0,0,0,1,0,0,1
Whitepost Healthcare Group,0,0,0,0,0,0,0,0,0,1,0,0,1
Windmill House Care Home,0,0,0,0,0,0,0,0,0,1,0,0,1
Youth Justice Board for England and Wales,0,0,0,0,0,0,0,0,0,1,0,0,1
North Wales Local Authorities,0,0,0,0,0,0,0,0,0,0,4,0,4
St Andrews Healthcare,0,0,0,0,0,0,0,0,0,0,3,0,3
Bluebird Care,0,0,0,0,0,0,0,0,0,0,2,0,2
Ofcom,0,0,0,0,0,0,0,0,0,0,2,2,4
One Stockport Health and Care Board,0,0,0,0,0,0,0,0,0,0,2,0,2
Society of British Neurological Surgeons,0,0,0,0,0,0,0,0,0,0,2,0,2
Various,0,0,0,0,0,0,0,0,0,0,2,0,2
3D Trans,0,0,0,0,0,0,0,0,0,0,1,0,1
Abbey Wood Lodge Care Home,0,0,0,0,0,0,0,0,0,0,1,0,1
Acis Housing,0,0,0,0,0,0,0,0,0,0,1,0,1
Adferiad Recovery,0,0,0,0,0,0,0,0,0,0,1,0,1
"Alcohol, drugs medication related death",0,0,0,0,0,0,0,0,0,0,1,0,1
Amazon,0,0,0,0,0,0,0,0,0,0,1,2,3
Amberley Hall Care Home,0,0,0,0,0,0,0,0,0,0,1,0,1
Association of Anaesthetists,0,0,0,0,0,0,0,0,0,0,1,1,2
Association of Conservative Clubs,0,0,0,0,0,0,0,0,0,0,1,0,1
Athena Care Homes (UK) Limited,0,0,0,0,0,0,0,0,0,0,1,0,1
Blackpool Council,0,0,0,0,0,0,0,0,0,0,1,0,1
Bloomfield Medical Centre,0,0,0,0,0,0,0,0,0,0,1,0,1
Bournemouth Churches Housing Association,0,0,0,0,0,0,0,0,0,0,1,0,1
Bowden Derra Park Ltd,0,0,0,0,0,0,0,0,0,0,1,0,1
Bristol Ambulance Emergency Medical Services,0,0,0,0,0,0,0,0,0,0,1,0,1
British Association Perinatal Medicine,0,0,0,0,0,0,0,0,0,0,1,0,1
Broadlane View Care Home,0,0,0,0,0,0,0,0,0,0,1,0,1
Bureau Veritas UK Ltd,0,0,0,0,0,0,0,0,0,0,1,0,1
Burton Croft Surgery,0,0,0,0,0,0,0,0,0,0,1,0,1
Central England Co-operative,0,0,0,0,0,0,0,0,0,0,1,0,1
Choice Support,0,0,0,0,0,0,0,0,0,0,1,0,1
Church Lane Surgery,0,0,0,0,0,0,0,0,0,0,1,0,1
Churchers Solicitors,0,0,0,0,0,0,0,0,0,0,1,0,1
Clacton Community Practices,0,0,0,0,0,0,0,0,0,0,1,0,1
Cleric Computer Services,0,0,0,0,0,0,0,0,0,0,1,0,1
Clevermed Limited,0,0,0,0,0,0,0,0,0,0,1,0,1
Collaborative Mobility UK,0,0,0,0,0,0,0,0,0,0,1,0,1
"Cornwall Council, Porthleven Harbour & Dock Company",0,0,0,0,0,0,0,0,0,0,1,0,1
Countrywide Care Homes,0,0,0,0,0,0,0,0,0,0,1,0,1
Cumberland Council,0,0,0,0,0,0,0,0,0,0,1,1,2
Cumbria Constabulary,0,0,0,0,0,0,0,0,0,0,1,0,1
Decathlon UK,0,0,0,0,0,0,0,0,0,0,1,0,1
Depaul UK,0,0,0,0,0,0,0,0,0,0,1,0,1
Derbyshire Healthcare NHS Foundation Trust,0,0,0,0,0,0,0,0,0,0,1,2,3
Digital,0,0,0,0,0,0,0,0,0,0,1,0,1
Divine Health Services,0,0,0,0,0,0,0,0,0,0,1,0,1
Dorset and Wiltshire Fire and Rescue Service,0,0,0,0,0,0,0,0,0,0,1,0,1
English Ice Hockey,0,0,0,0,0,0,0,0,0,0,1,0,1
Forest of Marston Vale,0,0,0,0,0,0,0,0,0,0,1,0,1
Frome Nursing Home,0,0,0,0,0,0,0,0,0,0,1,0,1
Gambling Commission,0,0,0,0,0,0,0,0,0,0,1,0,1
Gender Identity Clinic,0,0,0,0,0,0,0,0,0,0,1,0,1
Globe Court Care Home,0,0,0,0,0,0,0,0,0,0,1,0,1
Google,0,0,0,0,0,0,0,0,0,0,1,0,1
Gravesham Borough Council,0,0,0,0,0,0,0,0,0,0,1,0,1
HM Prison Altcourse,0,0,0,0,0,0,0,0,0,0,1,0,1
HM Prison The Mount,0,0,0,0,0,0,0,0,0,0,1,0,1
Heathrow Airport,0,0,0,0,0,0,0,0,0,0,1,0,1
Hereford Medical Group,0,0,0,0,0,0,0,0,0,0,1,0,1
Highgrove Rest Home,0,0,0,0,0,0,0,0,0,0,1,0,1
Hillingdon Council,0,0,0,0,0,0,0,0,0,0,1,0,1
Hospital Death (Clinical Procedures and medical management) related deaths,0,0,0,0,0,0,0,0,0,0,1,0,1
Hull City Council,0,0,0,0,0,0,0,0,0,0,1,0,1
Ice Hockey UK,0,0,0,0,0,0,0,0,0,0,1,0,1
Inmind Healthcare Group,0,0,0,0,0,0,0,0,0,0,1,0,1
JD Wetherspoon PLC,0,0,0,0,0,0,0,0,0,0,1,0,1
L&Q Group Housing,0,0,0,0,0,0,0,0,0,0,1,0,1
Landsec,0,0,0,0,0,0,0,0,0,0,1,0,1
Langford Centre,0,0,0,0,0,0,0,0,0,0,1,0,1
Lean on Me Care Agency,0,0,0,0,0,0,0,0,0,0,1,0,1
Leonard Cheshire,0,0,0,0,0,0,0,0,0,0,1,0,1
Lister House Oakwood,0,0,0,0,0,0,0,0,0,0,1,0,1
London Borough of Islington,0,0,0,0,0,0,0,0,0,0,1,0,1
Low Moor Medical Practice,0,0,0,0,0,0,0,0,0,0,1,0,1
MK together,0,0,0,0,0,0,0,0,0,0,1,0,1
Mansfield District Council,0,0,0,0,0,0,0,0,0,0,1,0,1
Maria Mallaband Care Group,0,0,0,0,0,0,0,0,0,0,1,0,1
Medicine and Healthcare Products Regulatory Agency,0,0,0,0,0,0,0,0,0,0,1,0,1
Military Aviation Authority,0,0,0,0,0,0,0,0,0,0,1,0,1
"NHS Buckinghamshire, Oxfordshire and Berkshire West Integrated Care Board",0,0,0,0,0,0,0,0,0,0,1,0,1
National Coasteering Charter,0,0,0,0,0,0,0,0,0,0,1,0,1
National Infusion and Vascular Access Society,0,0,0,0,0,0,0,0,0,0,1,0,1
National Police Air Service,0,0,0,0,0,0,0,0,0,0,1,0,1
Niche Technology,0,0,0,0,0,0,0,0,0,0,1,0,1
North Staffordshire Combined Healthcare NHS Trust,0,0,0,0,0,0,0,0,0,0,1,0,1
North West Fire Control,0,0,0,0,0,0,0,0,0,0,1,0,1
Northampton General Hospital NHS Trust,0,0,0,0,0,0,0,0,0,0,1,1,2
Northern Care Limited,0,0,0,0,0,0,0,0,0,0,1,0,1
Old Bridge Surgery,0,0,0,0,0,0,0,0,0,0,1,0,1
Orchard 2000 Pharmacy,0,0,0,0,0,0,0,0,0,0,1,0,1
Phoenix Care Centre,0,0,0,0,0,0,0,0,0,0,1,0,1
Prism Medical UK Ltd,0,0,0,0,0,0,0,0,0,0,1,0,1
Quarry House,0,0,0,0,0,0,0,0,0,0,1,0,1
Red House Surgery,0,0,0,0,0,0,0,0,0,0,1,0,1
Redbridge Council,0,0,0,0,0,0,0,0,0,0,1,0,1
Regenesis Health Travel Limited,0,0,0,0,0,0,0,0,0,0,1,0,1
Ritchie Street Group Practice,0,0,0,0,0,0,0,0,0,0,1,0,1
Rocky Lane Medical Centre,0,0,0,0,0,0,0,0,0,0,1,0,1
Rugby Football Union,0,0,0,0,0,0,0,0,0,0,1,0,1
Silver Birches Care Home,0,0,0,0,0,0,0,0,0,0,1,0,1
South Tyneside Council,0,0,0,0,0,0,0,0,0,0,1,1,2
Stanley Park Care Centre,0,0,0,0,0,0,0,0,0,0,1,0,1
Stretton Medical Centre,0,0,0,0,0,0,0,0,0,0,1,0,1
Suicide (from 2015),0,0,0,0,0,0,0,0,0,0,1,0,1
Surgeon,0,0,0,0,0,0,0,0,0,0,1,0,1
TIMCON,0,0,0,0,0,0,0,0,0,0,1,0,1
TPP LTD,0,0,0,0,0,0,0,0,0,0,1,0,1
The Association of Pallet Networks,0,0,0,0,0,0,0,0,0,0,1,0,1
The Beaufort Road Surgery,0,0,0,0,0,0,0,0,0,0,1,0,1
The Limehouse Practice,0,0,0,0,0,0,0,0,0,0,1,0,1
The Oaks and Woodcroft Care Home,0,0,0,0,0,0,0,0,0,0,1,0,1
The Range UK,0,0,0,0,0,0,0,0,0,0,1,0,1
Titan Containers Limited,0,0,0,0,0,0,0,0,0,0,1,0,1
Totally PLC,0,0,0,0,0,0,0,0,0,0,1,0,1
UK Care Services,0,0,0,0,0,0,0,0,0,0,1,0,1
UK Fatal Anaphylaxis Registry,0,0,0,0,0,0,0,0,0,0,1,0,1
Unity MAT,0,0,0,0,0,0,0,0,0,0,1,0,1
University of Wolverhampton,0,0,0,0,0,0,0,0,0,0,1,0,1
Urgent Health UK,0,0,0,0,0,0,0,0,0,0,1,0,1
Weightmans LLP,0,0,0,0,0,0,0,0,0,0,1,0,1
Weightmans’s Solicitors,0,0,0,0,0,0,0,0,0,0,1,0,1
West London Alliance,0,0,0,0,0,0,0,0,0,0,1,0,1
West Midlands Combined Authority,0,0,0,0,0,0,0,0,0,0,1,0,1
West Yorkshire Heath and Care Partnership,0,0,0,0,0,0,0,0,0,0,1,0,1
Westmorland and Furness Council,0,0,0,0,0,0,0,0,0,0,1,0,1
Wood Street Medical Centre,0,0,0,0,0,0,0,0,0,0,1,0,1
Wychavon District Council,0,0,0,0,0,0,0,0,0,0,1,1,2
NHS Northamptonshire Integrated Care Board,0,0,0,0,0,0,0,0,0,0,0,2,2
Oracle,0,0,0,0,0,0,0,0,0,0,0,2,2
Abbotswood,0,0,0,0,0,0,0,0,0,0,0,1,1
Adult Social Care and Quality Standards,0,0,0,0,0,0,0,0,0,0,0,1,1
Anastasia Boat,0,0,0,0,0,0,0,0,0,0,0,1,1
Ashlea Medical Practice,0,0,0,0,0,0,0,0,0,0,0,1,1
Association of Lorry Loader Manufacturers and Importers,0,0,0,0,0,0,0,0,0,0,0,1,1
Auto Cycle Union,0,0,0,0,0,0,0,0,0,0,0,1,1
BOC Limited,0,0,0,0,0,0,0,0,0,0,0,1,1
Berkshire and Surrey Pathology Services,0,0,0,0,0,0,0,0,0,0,0,1,1
Boatfolk Marinas Ltd,0,0,0,0,0,0,0,0,0,0,0,1,1
Brainwaves,0,0,0,0,0,0,0,0,0,0,0,1,1
British Association of Paediatric Surgeons,0,0,0,0,0,0,0,0,0,0,0,1,1
British Drilling Association,0,0,0,0,0,0,0,0,0,0,0,1,1
Brook Medical Centre,0,0,0,0,0,0,0,0,0,0,0,1,1
CSC,0,0,0,0,0,0,0,0,0,0,0,1,1
Cabinet Office,0,0,0,0,0,0,0,0,0,0,0,1,1
Canary Wharf Management Limited,0,0,0,0,0,0,0,0,0,0,0,1,1
Channel Swimming and Piloting Federation,0,0,0,0,0,0,0,0,0,0,0,1,1
Charity Commission for England and Wales,0,0,0,0,0,0,0,0,0,0,0,1,1
Chief Constable,0,0,0,0,0,0,0,0,0,0,0,1,1
Children’s Commissioner for England,0,0,0,0,0,0,0,0,0,0,0,1,1
Children’s Commissioner for Wales,0,0,0,0,0,0,0,0,0,0,0,1,1
Church Elm Lane Medical Practice,0,0,0,0,0,0,0,0,0,0,0,1,1
City Health Care Partnership,0,0,0,0,0,0,0,0,0,0,0,1,1
Clatterbridge Cancer Centre,0,0,0,0,0,0,0,0,0,0,0,1,1
Clinical Quality,0,0,0,0,0,0,0,0,0,0,0,1,1
Coal Authority,0,0,0,0,0,0,0,0,0,0,0,1,1
Colton Lodges Nursing Home,0,0,0,0,0,0,0,0,0,0,0,1,1
Connaught House Care Home,0,0,0,0,0,0,0,0,0,0,0,1,1
Council of Psychotherapy,0,0,0,0,0,0,0,0,0,0,0,1,1
Credenhill Court Rest Home,0,0,0,0,0,0,0,0,0,0,0,1,1
Cygnet Hospital,0,0,0,0,0,0,0,0,0,0,0,1,1
Deerlands Residential Home,0,0,0,0,0,0,0,0,0,0,0,1,1
Dennis Eagle Ltd,0,0,0,0,0,0,0,0,0,0,0,1,1
"Department for Science, Innovation and Technology",0,0,0,0,0,0,0,0,0,0,0,1,1
Derby City Council,0,0,0,0,0,0,0,0,0,0,0,1,1
Dudley Integrated Health and Care NHS Trust,0,0,0,0,0,0,0,0,0,0,0,1,1
EMERGENCY CALL PRIORITISATION ADVISORY GROUP,0,0,0,0,0,0,0,0,0,0,0,1,1
East Suffolk Council,0,0,0,0,0,0,0,0,0,0,0,1,1
Elysium Healthcare,0,0,0,0,0,0,0,0,0,0,0,1,1
Evolve Services,0,0,0,0,0,0,0,0,0,0,0,1,1
Godfrey Care,0,0,0,0,0,0,0,0,0,0,0,1,1
HC-One Healthcare Company,0,0,0,0,0,0,0,0,0,0,0,1,1
HCRG Care Services Ltd,0,0,0,0,0,0,0,0,0,0,0,1,1
HM Prison Norwich,0,0,0,0,0,0,0,0,0,0,0,1,1
HM Prison Styal,0,0,0,0,0,0,0,0,0,0,0,1,1
HM Prison Swinfen Hall,0,0,0,0,0,0,0,0,0,0,0,1,1
Home Dot Care Limited,0,0,0,0,0,0,0,0,0,0,0,1,1
Humberside Police,0,0,0,0,0,0,0,0,0,0,0,1,1
Ilkley Town Council,0,0,0,0,0,0,0,0,0,0,0,1,1
Independent Office for Police Conduct,0,0,0,0,0,0,0,0,0,0,0,1,1
Islington Social Services,0,0,0,0,0,0,0,0,0,0,0,1,1
James Cook University Hospital,0,0,0,0,0,0,0,0,0,0,0,1,1
Kirby Road Surgery,0,0,0,0,0,0,0,0,0,0,0,1,1
Local Authority for Stoke on Trent,0,0,0,0,0,0,0,0,0,0,0,1,1
London Borough of Redbridge,0,0,0,0,0,0,0,0,0,0,0,1,1
London Borough of Waltham Forest,0,0,0,0,0,0,0,0,0,0,0,1,1
Lundbeck Limited,0,0,0,0,0,0,0,0,0,0,0,1,1
Medway Council,0,0,0,0,0,0,0,0,0,0,0,1,1
Metropolis,0,0,0,0,0,0,0,0,0,0,0,1,1
MiHomecare,0,0,0,0,0,0,0,0,0,0,0,1,1
"Minister for Education, Wales",0,0,0,0,0,0,0,0,0,0,0,1,1
NATIONAL CODING GROUP,0,0,0,0,0,0,0,0,0,0,0,1,1
National Institute for Healthcare and Clinical Excellence,0,0,0,0,0,0,0,0,0,0,0,1,1
National Pharmacy Association,0,0,0,0,0,0,0,0,0,0,0,1,1
National Referral Support Service,0,0,0,0,0,0,0,0,0,0,0,1,1
NaturPlus UK,0,0,0,0,0,0,0,0,0,0,0,1,1
Newham Social Care,0,0,0,0,0,0,0,0,0,0,0,1,1
Outlook Care Ltd,0,0,0,0,0,0,0,0,0,0,0,1,1
Petroc GP Group Practice,0,0,0,0,0,0,0,0,0,0,0,1,1
Police Commissioner,0,0,0,0,0,0,0,0,0,0,0,1,1
Quora,0,0,0,0,0,0,0,0,0,0,0,1,1
Recovery Steps Cumbria,0,0,0,0,0,0,0,0,0,0,0,1,1
Ringmead Medical Group,0,0,0,0,0,0,0,0,0,0,0,1,1
Rosedale Surgery Lowestoft,0,0,0,0,0,0,0,0,0,0,0,1,1
Royal Air Force,0,0,0,0,0,0,0,0,0,0,0,1,1
Rugby Football League,0,0,0,0,0,0,0,0,0,0,0,1,1
Sapphire Independent Living,0,0,0,0,0,0,0,0,0,0,0,1,1
Scape Living Student Accommodation,0,0,0,0,0,0,0,0,0,0,0,1,1
Skills for Care,0,0,0,0,0,0,0,0,0,0,0,1,1
Sodexo,0,0,0,0,0,0,0,0,0,0,0,1,1
South Essex NHS Partnership,0,0,0,0,0,0,0,0,0,0,0,1,1
South Yorkshire Police Headquarters,0,0,0,0,0,0,0,0,0,0,0,1,1
Spider Project Café 71,0,0,0,0,0,0,0,0,0,0,0,1,1
St Andrew’s Surgery Hull,0,0,0,0,0,0,0,0,0,0,0,1,1
Stockport Homes,0,0,0,0,0,0,0,0,0,0,0,1,1
Stockton Care Limited,0,0,0,0,0,0,0,0,0,0,0,1,1
Student Roost,0,0,0,0,0,0,0,0,0,0,0,1,1
Supreme Care Services Limited,0,0,0,0,0,0,0,0,0,0,0,1,1
Swansea Council,0,0,0,0,0,0,0,0,0,0,0,1,1
TPP,0,0,0,0,0,0,0,0,0,0,0,1,1
The Cambridge Nursing Home Ltd,0,0,0,0,0,0,0,0,0,0,0,1,1
The Evergreen Surgery,0,0,0,0,0,0,0,0,0,0,0,1,1
The Jewish Free School,0,0,0,0,0,0,0,0,0,0,0,1,1
The Limes Care Home,0,0,0,0,0,0,0,0,0,0,0,1,1
The Motor Ombudsman,0,0,0,0,0,0,0,0,0,0,0,1,1
The Park Surgery,0,0,0,0,0,0,0,0,0,0,0,1,1
The Phonix Partnership,0,0,0,0,0,0,0,0,0,0,0,1,1
The Pipeline Industries Guild,0,0,0,0,0,0,0,0,0,0,0,1,1
Travel Lodge,0,0,0,0,0,0,0,0,0,0,0,1,1
Ultra Events Ltd,0,0,0,0,0,0,0,0,0,0,0,1,1
"Unilink Software Ltd, provider of email a Prisoner",0,0,0,0,0,0,0,0,0,0,0,1,1
United Children’s Services,0,0,0,0,0,0,0,0,0,0,0,1,1
Unity Insurance Services: Scouting and Scout Groups Insurance,0,0,0,0,0,0,0,0,0,0,0,1,1
University of Southampton,0,0,0,0,0,0,0,0,0,0,0,1,1
Warrington and Halton Hospitals NHS Trust,0,0,0,0,0,0,0,0,0,0,0,1,1
Wessex Water Services Limited,0,0,0,0,0,0,0,0,0,0,0,1,1
West of England Combined Authority,0,0,0,0,0,0,0,0,0,0,0,1,1
